DeployID,Ptt,0-30,30-60,60-90,90-120,120-300,300-600,600-1200,1200-1800,1800-2700,2700-3600,3600-5400,5400-7200,7200-10800,>10800
42599,42599,0,0,0,0,0,0,0,0,0,0,0,0,0,0
42599,42599,0,0,0,0,0,0,0,0,0,0,0,0,0,0
42599,42599,0,0,0,0,0,2,0,4,1,1,0,0,0,0
42599,42599,0,0,1,0,0,0,0,1,1,1,0,0,1,0
42599,42599,2,1,0,0,0,0,5,3,3,0,0,0,0,0
42599,42599,2,1,0,0,0,0,7,2,2,0,0,0,0,0
42599,42599,4,0,0,0,0,0,0,1,0,0,1,1,0,0
42599,42599,0,0,0,0,0,0,0,0,0,0,0,1,0,1
42599,42599,4,0,0,0,0,1,1,0,0,2,1,0,0,0
42599,42599,3,0,0,0,0,0,0,0,0,0,0,1,1,0
42599,42599,1,0,0,0,0,0,0,0,0,1,0,0,1,0
42599,42599,0,0,0,0,0,0,0,0,0,0,0,0,0,1
42599,42599,0,0,0,0,0,0,0,0,0,0,0,0,1,0
42599,42599,0,0,0,0,0,0,1,1,1,1,1,0,0,0
42599,42599,0,0,0,1,0,0,1,1,0,2,0,0,0,0
42599,42599,0,0,1,1,2,2,6,1,3,0,0,0,1,0
42599,42599,5,0,0,0,0,1,0,4,3,0,0,0,0,0
42599,42599,4,0,0,0,0,0,1,1,5,0,0,0,0,0
42599,42599,2,2,0,0,1,0,3,1,1,1,0,1,0,0
42599,42599,1,0,0,0,0,0,1,2,1,0,2,0,0,0
42599,42599,4,1,0,0,0,2,4,4,0,0,1,0,0,0
42599,42599,1,0,0,0,0,0,2,2,0,1,1,0,0,0
42599,42599,1,0,0,1,1,0,0,0,0,0,2,1,0,0
42599,42599,1,0,0,0,0,0,0,2,1,0,2,0,0,0
42599,42599,0,0,0,0,0,0,0,0,0,0,0,0,0,0
42599,42599,0,0,0,0,0,0,0,0,0,0,0,0,0,1
42599,42599,0,0,0,0,0,0,0,0,0,0,0,0,0,0
42599,42599,5,0,0,0,0,2,6,1,1,1,0,0,0,0
42599,42599,2,0,0,0,0,0,1,3,3,1,0,0,0,0
42599,42599,5,0,0,0,1,0,3,3,1,1,0,0,0,0
42599,42599,0,0,0,0,0,2,0,0,0,0,0,0,0,0
42599,42599,0,0,0,0,0,0,0,0,1,1,0,0,0,1
42599,42599,7,0,0,0,0,4,6,3,1,0,0,0,0,0
42599,42599,1,0,0,0,0,2,3,0,1,0,0,1,0,0
42599,42599,0,0,0,0,0,0,0,0,0,0,0,0,0,0
42599,42599,1,0,0,0,0,0,0,0,0,0,3,0,0,0
42599,42599,3,0,0,0,0,0,0,0,0,0,0,0,0,1
42599,42599,0,0,0,0,0,0,0,0,0,0,0,0,0,0
42599,42599,0,0,0,0,0,0,0,0,0,0,0,0,0,0
42599,42599,0,0,0,0,0,0,0,0,0,0,0,0,0,0
42600,42600,0,0,0,0,0,0,0,0,0,0,0,0,0,0
42600,42600,0,0,0,0,0,0,0,0,0,0,0,0,0,0
42600,42600,0,0,0,0,0,0,0,0,0,0,0,0,0,0
42600,42600,0,0,0,0,0,0,0,0,0,0,0,0,0,0
42600,42600,0,0,0,0,1,1,0,0,0,1,0,0,0,0
42600,42600,0,0,0,0,0,0,0,0,0,0,0,0,0,0
42600,42600,0,0,0,0,0,0,0,0,0,0,1,0,1,0
42600,42600,0,0,0,0,0,0,0,0,0,0,0,0,0,0
42600,42600,0,0,1,0,0,0,0,0,1,0,0,1,0,0
42600,42600,0,0,0,0,0,0,0,0,0,0,0,0,0,1
42600,42600,0,0,0,0,1,0,0,0,0,1,1,1,0,0
42600,42600,0,0,0,0,0,0,0,0,0,0,0,0,1,0
42600,42600,0,0,0,0,0,0,0,0,0,0,0,0,2,0
42600,42600,2,0,0,0,0,0,0,0,2,1,0,0,1,0
42600,42600,0,0,0,0,0,0,0,1,1,2,1,0,0,0
42600,42600,4,0,0,0,0,0,3,2,0,1,0,0,0,0
42600,42600,3,0,0,0,0,0,0,0,0,0,2,0,0,0
42600,42600,7,0,0,0,0,0,0,0,0,1,1,0,0,0
42600,42600,11,0,0,0,0,1,0,0,0,1,0,1,1,0
42600,42600,5,0,0,0,0,0,0,0,1,0,0,0,0,1
42600,42600,44,1,0,1,0,0,2,0,0,1,0,1,0,0
42600,42600,63,0,1,1,2,0,1,0,0,0,0,0,1,0
42600,42600,63,0,0,0,0,0,0,0,0,0,0,1,0,0
42600,42600,5,1,0,0,0,0,0,1,0,0,0,1,1,0
42600,42600,6,1,0,0,0,0,0,0,0,0,0,1,1,0
42600,42600,9,0,1,0,0,0,0,1,0,0,0,0,1,0
42600,42600,10,0,0,0,1,0,0,0,2,0,0,0,1,0
42600,42600,7,1,0,0,1,0,0,1,1,1,1,0,1,0
42600,42600,9,3,0,0,1,2,2,0,2,2,0,0,0,0
42600,42600,0,0,0,0,0,0,0,0,0,0,0,0,2,0
42600,42600,4,0,0,0,0,0,0,0,0,0,0,0,1,0
42600,42600,73,6,1,0,0,1,0,0,0,0,0,0,0,0
42600,42600,14,1,0,0,0,0,0,0,0,0,0,2,0,0
42600,42600,11,1,0,1,1,2,0,2,1,0,1,0,0,0
42600,42600,6,0,0,0,0,0,0,0,0,0,0,0,1,0
42600,42600,2,0,0,1,0,1,3,0,0,0,0,0,1,0
42600,42600,6,0,0,0,0,0,0,1,0,1,0,0,1,0
42600,42600,9,0,0,1,1,1,0,1,2,0,1,0,0,0
42600,42600,6,0,1,0,1,0,3,1,1,1,1,0,0,0
42600,42600,5,0,0,1,4,3,5,2,0,1,0,0,0,0
42600,42600,2,0,0,1,3,0,3,0,3,0,1,0,0,0
42600,42600,6,0,0,0,0,1,0,0,1,1,1,1,0,0
42600,42600,4,0,0,0,0,1,4,0,1,0,0,0,1,0
42600,42600,0,0,1,0,1,4,1,3,2,0,0,0,0,0
42600,42600,1,0,1,0,0,1,3,2,1,1,1,0,0,0
42600,42600,0,0,0,0,2,0,1,0,1,0,0,0,1,0
42600,42600,5,0,0,0,0,0,0,0,0,0,0,0,2,0
42600,42600,4,0,0,0,0,0,0,0,0,0,0,1,0,1
42600,42600,2,0,0,0,1,3,0,0,0,0,3,0,0,0
42600,42600,1,0,0,0,0,0,0,0,0,0,1,2,0,0
42600,42600,2,0,0,0,0,0,0,0,0,1,0,2,0,0
42600,42600,3,0,0,0,0,0,0,0,0,0,1,1,0,1
42600,42600,3,0,0,0,0,0,0,0,1,3,0,0,1,0
42600,42600,2,0,0,0,0,1,0,0,0,3,1,0,0,0
42600,42600,0,0,0,0,0,0,0,0,0,0,0,0,0,1
42600,42600,0,0,0,0,0,0,1,1,0,1,0,0,1,0
42600,42600,3,0,0,0,0,0,1,0,1,4,0,0,0,0
42600,42600,3,0,0,0,0,0,0,0,0,0,3,0,0,0
42600,42600,3,0,0,0,0,0,0,0,0,0,0,2,0,0
42600,42600,3,0,0,0,0,0,0,0,1,0,3,0,0,0
42600,42600,3,0,0,0,0,3,2,1,1,0,1,1,0,0
42600,42600,0,0,0,0,0,2,1,1,1,1,1,1,0,0
42600,42600,0,0,0,0,3,2,1,1,3,0,1,0,0,0
42600,42600,0,0,0,0,0,0,1,0,2,2,0,0,0,0
42600,42600,0,0,0,0,1,0,1,2,1,1,0,0,0,0
42600,42600,0,0,0,0,0,0,0,1,0,1,1,0,1,0
42600,42600,0,0,0,0,0,0,0,1,2,0,1,1,0,0
42600,42600,0,0,0,0,0,0,0,0,0,0,0,0,1,0
42600,42600,2,0,0,0,2,2,4,0,2,0,1,0,0,0
42601,42601,0,0,0,0,0,0,0,0,0,0,0,0,0,0
42601,42601,0,0,0,0,0,0,0,0,0,0,0,0,0,0
42601,42601,0,0,0,0,0,0,0,0,0,0,0,0,0,0
42601,42601,0,0,0,0,0,0,0,0,0,0,0,0,0,0
42601,42601,0,0,0,0,0,0,0,0,0,0,0,0,0,0
42601,42601,0,0,0,0,0,0,0,0,0,0,0,0,0,0
42601,42601,0,0,0,0,0,0,0,0,0,0,0,0,0,0
42601,42601,0,0,0,0,0,0,0,0,0,0,0,0,0,0
42601,42601,0,0,0,0,0,0,0,0,0,0,0,0,0,0
42601,42601,0,0,0,0,0,0,0,0,0,0,0,0,0,0
42601,42601,0,0,0,0,0,0,0,0,0,0,0,0,0,0
42601,42601,0,0,0,0,0,0,0,0,0,0,0,0,0,0
42601,42601,0,0,0,0,0,0,0,0,0,0,0,0,0,0
42601,42601,0,0,0,0,0,0,0,0,0,0,0,0,0,0
42601,42601,0,0,0,0,0,0,0,0,0,0,0,0,0,0
42601,42601,0,0,0,0,0,0,0,0,0,0,0,0,0,0
42601,42601,0,0,0,0,0,0,0,0,0,0,0,0,0,0
42601,42601,0,0,0,0,0,0,0,0,0,0,0,0,0,0
42601,42601,0,0,0,0,0,0,0,0,0,0,0,0,0,0
42601,42601,0,0,0,0,0,0,0,0,0,0,0,0,0,0
42601,42601,0,0,0,0,0,0,0,0,0,0,0,0,0,0
42601,42601,0,0,0,0,0,0,0,0,0,0,0,0,0,0
42601,42601,0,0,0,0,0,0,0,0,0,0,0,0,0,0
42601,42601,0,0,0,0,0,0,0,0,0,0,0,0,0,0
42601,42601,0,0,0,0,0,0,0,0,0,0,0,0,0,0
42601,42601,9,3,0,0,0,0,1,4,0,1,0,0,0,0
42601,42601,0,0,0,0,0,0,0,0,0,0,1,0,0,1
42601,42601,0,0,0,0,0,0,0,0,0,0,0,0,0,0
42601,42601,0,0,0,0,0,0,0,0,0,0,0,0,0,0
42601,42601,3,0,0,0,0,0,3,1,0,1,0,0,0,0
42601,42601,0,0,0,0,0,0,0,0,0,0,0,0,0,0
42601,42601,0,0,0,0,0,0,0,0,0,0,0,0,0,0
42601,42601,0,0,0,0,0,0,0,0,0,0,0,0,0,0
42601,42601,0,0,0,0,0,0,0,0,0,0,0,0,0,0
42601,42601,0,0,0,0,0,0,0,0,0,0,0,0,0,0
42601,42601,7,0,0,0,0,2,1,3,3,0,0,0,0,0
42601,42601,8,0,0,0,0,0,3,5,2,0,0,0,0,0
42601,42601,3,0,0,0,0,0,2,2,2,0,0,0,0,0
42601,42601,7,0,0,0,0,0,0,1,3,0,1,0,0,0
42601,42601,0,1,0,1,1,0,1,0,0,0,3,0,0,0
42601,42601,0,0,0,0,0,0,0,0,1,0,1,0,1,0
42601,42601,0,0,0,0,0,0,0,0,0,1,0,0,0,1
42601,42601,0,0,0,0,1,0,0,0,0,0,0,0,0,1
42601,42601,0,0,0,0,0,0,0,0,0,0,0,0,0,0
42601,42601,0,0,0,0,1,2,0,0,0,1,0,0,0,0
42601,42601,1,0,0,0,0,0,0,1,0,0,0,0,1,0
42601,42601,0,0,0,0,0,0,1,2,2,1,0,0,0,0
42601,42601,5,0,0,1,2,0,5,2,1,1,1,0,0,0
42601,42601,7,2,1,0,0,0,0,1,6,0,0,0,0,0
42601,42601,0,0,0,0,0,0,0,0,2,1,1,0,0,0
42601,42601,5,0,0,0,0,1,2,0,1,0,0,0,1,0
42601,42601,0,0,0,0,0,0,0,0,0,0,1,0,0,1
42602,42602,0,0,0,0,0,0,0,0,0,0,0,0,0,0
42602,42602,0,0,0,0,0,0,0,0,0,0,0,0,0,0
42602,42602,0,0,0,0,0,0,0,0,0,0,0,0,0,0
42602,42602,0,0,0,0,0,0,0,0,0,0,0,0,0,0
42602,42602,0,0,0,0,0,0,0,0,0,0,0,0,0,0
42602,42602,0,0,0,0,0,0,0,0,0,0,0,0,0,0
42602,42602,0,0,0,0,0,0,0,0,0,0,0,0,0,0
42602,42602,0,0,0,0,0,0,0,0,0,0,0,0,0,0
42602,42602,0,0,0,0,0,0,0,0,0,0,0,0,0,0
42602,42602,0,0,0,0,0,0,0,0,0,0,0,0,0,0
42602,42602,0,0,0,0,0,0,0,0,0,0,0,0,0,0
42602,42602,0,0,0,0,0,0,0,0,0,0,0,0,0,0
42602,42602,0,0,0,0,0,0,0,0,0,0,0,0,0,0
42602,42602,0,0,0,0,0,0,0,0,0,0,0,0,0,0
42602,42602,0,0,0,0,0,0,0,0,0,0,0,0,0,0
42602,42602,0,0,0,0,0,0,0,0,0,0,0,0,0,0
42602,42602,0,0,0,0,0,0,0,0,0,0,0,0,0,0
42602,42602,0,0,0,0,0,0,0,0,0,0,0,0,0,0
42602,42602,0,0,0,0,0,0,0,0,0,0,0,0,0,0
42602,42602,0,0,0,0,0,0,0,0,0,0,0,0,0,0
42602,42602,0,0,0,0,0,0,0,0,0,0,0,0,0,0
42602,42602,0,0,0,0,0,0,0,0,0,0,0,0,0,0
42602,42602,0,0,0,0,0,0,0,0,0,0,0,0,0,0
42602,42602,0,0,0,0,0,0,0,0,0,0,0,0,0,0
42602,42602,0,0,0,0,0,0,0,0,0,0,0,0,0,0
42602,42602,0,0,0,0,0,0,0,0,0,0,0,0,0,0
42602,42602,0,0,0,0,0,0,0,0,0,0,0,0,0,0
42602,42602,0,0,0,0,1,0,0,3,2,0,1,0,0,0
42602,42602,0,0,0,0,1,1,0,2,3,1,0,0,0,0
42602,42602,0,0,0,1,1,1,2,1,0,0,2,0,0,0
42602,42602,0,0,0,0,0,0,0,1,0,0,0,0,0,1
42602,42602,0,0,0,0,0,2,0,1,0,1,1,1,0,0
42602,42602,0,0,0,0,0,0,0,0,0,0,0,1,0,0
42602,42602,0,1,0,0,0,0,0,0,0,0,1,0,0,1
42602,42602,7,0,0,0,0,0,0,8,0,0,1,0,0,0
42602,42602,5,1,1,0,1,0,0,2,3,1,0,0,0,0
42602,42602,3,0,0,0,0,0,1,1,2,0,0,0,1,0
42602,42602,0,0,0,0,0,0,0,1,3,2,0,0,0,0
42602,42602,1,0,0,1,1,0,0,0,5,0,1,0,0,0
42602,42602,5,0,0,0,0,1,0,2,5,0,0,0,0,0
42602,42602,4,0,0,0,0,1,0,1,1,0,0,0,0,1
42602,42602,0,2,0,0,1,0,1,2,3,0,1,0,0,0
42602,42602,4,0,0,0,2,2,1,1,1,1,2,0,0,0
42602,42602,1,0,0,0,4,3,5,1,3,0,0,0,0,0
42602,42602,5,1,0,1,10,4,6,2,1,0,0,0,0,0
42602,42602,0,1,0,1,6,3,7,3,1,0,0,0,0,0
42602,42602,3,0,1,0,9,2,7,1,1,0,0,0,0,0
42602,42602,14,0,0,1,8,12,2,1,0,0,1,0,0,0
42602,42602,26,2,0,0,3,16,4,0,1,0,0,0,0,0
42602,42602,1,1,1,1,2,5,6,1,2,0,0,0,0,0
42602,42602,5,0,0,0,3,5,10,1,1,0,0,0,0,0
42602,42602,7,1,1,0,4,13,5,0,0,1,0,0,0,0
42602,42602,1,0,0,1,3,5,5,1,0,0,1,0,0,0
42602,42602,0,0,0,0,0,1,1,0,0,0,0,2,0,0
42602,42602,0,0,0,0,1,0,3,1,2,2,0,0,0,0
42602,42602,5,1,2,0,3,19,0,3,0,0,0,0,0,0
42602,42602,0,1,0,0,1,0,0,2,0,1,2,0,0,0
42602,42602,13,5,3,0,5,3,1,1,0,0,0,1,0,0
42602,42602,1,0,0,0,2,3,2,1,1,0,1,0,1,0
42602,42602,0,0,0,0,0,0,0,0,0,0,0,0,0,0
42602,42602,3,1,0,1,14,7,6,2,0,0,0,0,0,0
42602,42602,2,1,0,0,9,6,6,1,1,0,0,0,0,0
42602,42602,3,1,1,2,9,10,2,2,2,0,0,0,0,0
42602,42602,9,0,0,0,19,6,8,0,0,0,0,0,0,0
42602,42602,5,1,1,0,29,9,3,1,0,0,0,0,0,0
42602,42602,7,0,0,1,13,10,1,1,1,0,0,0,0,0
42602,42602,4,0,1,0,4,4,3,1,1,1,1,0,0,0
42602,42602,10,0,0,1,15,10,4,0,0,1,0,0,0,0
42602,42602,4,1,0,0,10,5,5,2,1,0,0,0,0,0
42602,42602,3,0,0,1,8,5,4,1,1,1,0,0,0,0
42602,42602,8,1,0,0,23,9,2,1,0,0,0,0,0,0
42602,42602,3,0,1,0,0,0,11,0,1,0,0,0,0,0
42602,42602,3,0,0,1,2,0,3,2,2,0,0,0,0,0
42602,42602,16,1,0,0,2,12,6,1,0,0,0,0,1,0
42602,42602,6,0,0,0,0,3,6,1,2,0,0,0,0,0
42602,42602,0,0,0,0,0,0,0,0,0,1,0,0,1,0
42602,42602,0,0,0,0,0,0,0,0,0,0,0,0,0,0
42602,42602,0,0,0,0,3,2,0,0,0,0,1,1,0,0
42602,42602,5,1,2,0,4,16,3,2,0,1,0,0,0,0
42602,42602,1,1,0,0,2,7,2,2,0,0,1,0,0,0
42602,42602,1,0,0,0,1,1,2,0,2,2,1,0,0,0
42602,42602,10,0,0,0,4,17,3,1,1,0,0,0,0,0
42602,42602,8,0,0,1,4,19,0,2,1,0,0,0,0,0
42602,42602,7,1,0,1,29,5,3,0,1,0,0,0,0,0
42602,42602,19,1,2,1,19,13,2,0,0,0,0,0,0,0
42602,42602,4,0,0,0,7,8,8,0,0,1,0,0,0,0
42602,42602,7,0,0,1,16,6,3,1,0,1,0,0,0,0
42602,42602,3,0,2,0,16,4,5,1,1,0,0,0,0,0
42602,42602,3,0,0,1,18,7,4,2,0,0,0,0,0,0
42602,42602,16,0,1,1,19,10,4,0,1,0,0,0,0,0
42602,42602,2,0,1,0,9,7,4,4,0,0,0,0,0,0
42602,42602,0,0,0,1,2,2,6,1,1,1,0,0,0,0
42602,42602,4,1,0,0,6,5,3,3,1,0,0,0,0,0
42602,42602,3,0,1,0,0,8,0,3,0,1,1,0,0,0
42602,42602,0,0,0,1,0,3,4,2,0,1,0,0,0,0
42602,42602,8,0,2,1,4,12,4,1,1,0,0,1,0,0
42602,42602,2,0,0,1,0,2,4,2,1,0,1,0,0,0
42602,42602,6,0,0,0,0,18,1,0,0,0,1,0,0,0
42602,42602,6,0,0,0,1,9,7,0,2,0,0,0,0,0
42602,42602,4,0,1,1,4,3,11,1,0,0,0,0,0,0
42602,42602,0,0,0,0,1,1,2,1,2,0,0,0,1,0
42602,42602,0,3,0,1,0,0,3,7,0,0,0,0,0,0
42602,42602,6,0,0,0,3,0,6,5,0,0,0,0,0,0
42602,42602,2,3,0,0,0,0,2,7,1,0,0,0,0,0
42602,42602,0,1,0,0,1,0,1,2,3,1,0,0,0,0
42602,42602,0,0,1,1,0,4,0,1,1,0,1,1,0,0
42602,42602,0,0,0,0,0,0,3,0,1,0,1,1,0,0
42602,42602,0,0,0,0,3,4,1,1,0,1,0,1,0,0
42602,42602,2,3,0,0,6,11,5,1,2,0,0,0,0,0
42602,42602,10,0,0,0,11,16,5,0,0,0,0,0,0,0
42602,42602,0,1,1,1,2,4,6,1,2,0,0,0,0,0
42602,42602,2,0,0,0,2,2,1,1,0,2,1,0,0,0
42602,42602,14,1,0,0,4,16,3,0,0,0,1,0,0,0
42602,42602,0,0,0,0,1,0,7,2,0,0,0,0,0,0
42602,42602,0,0,0,0,1,0,3,0,3,1,0,0,0,0
42602,42602,5,0,0,0,1,3,6,0,0,0,0,0,0,0
42602,42602,0,0,0,0,0,1,0,1,1,0,1,0,0,1
42602,42602,2,0,0,0,0,1,3,1,2,0,1,0,0,0
42602,42602,1,1,1,0,0,0,2,3,3,1,0,0,0,0
42602,42602,1,0,0,0,0,0,1,8,1,0,0,0,0,0
42602,42602,4,0,0,0,0,1,2,8,0,0,0,0,0,0
42602,42602,0,1,0,0,0,0,0,5,0,0,0,0,0,0
42602,42602,0,0,0,0,0,0,1,3,1,1,0,1,0,0
42602,42602,4,0,0,0,1,6,1,2,2,0,0,0,0,0
42602,42602,1,0,0,1,4,1,2,2,2,1,0,0,0,0
42602,42602,0,0,0,0,0,1,3,1,3,1,0,0,0,0
42603,42603,0,0,0,0,0,0,0,0,0,0,0,0,0,0
42603,42603,0,0,0,0,0,0,0,0,0,0,0,0,0,0
42603,42603,0,0,0,0,0,0,0,0,0,0,0,0,0,0
42603,42603,0,0,0,0,0,0,0,0,0,0,0,0,0,0
42603,42603,0,0,0,0,0,0,0,0,0,0,0,0,0,0
42603,42603,0,0,0,0,0,0,0,0,0,0,0,0,0,0
42603,42603,0,0,0,0,0,0,0,0,0,0,0,0,0,0
42603,42603,0,0,0,0,0,0,0,0,0,0,0,0,0,0
42603,42603,0,0,0,0,0,0,0,0,0,0,0,0,0,0
42603,42603,0,0,0,0,0,0,0,0,0,0,0,0,0,0
42603,42603,0,0,0,0,0,0,0,0,0,0,0,0,0,0
42603,42603,0,0,0,0,0,0,0,0,0,0,0,0,0,0
42603,42603,0,0,0,0,0,0,0,0,0,0,0,0,0,0
42603,42603,0,0,0,0,0,0,0,0,0,0,0,0,0,0
42603,42603,0,0,0,0,0,0,0,0,0,0,0,0,0,0
42603,42603,0,0,0,0,0,0,0,0,0,0,0,0,0,0
42603,42603,1,0,0,0,0,0,5,2,1,0,0,0,0,1
42603,42603,0,0,0,0,0,0,0,0,0,0,0,0,0,0
42603,42603,0,0,0,0,0,0,0,0,0,0,0,0,0,0
42603,42603,0,0,0,0,0,0,0,0,1,0,0,0,0,0
42603,42603,2,0,0,0,1,1,3,2,1,0,0,1,0,0
42603,42603,3,3,1,3,7,4,1,0,0,0,0,0,0,0
42603,42603,9,0,0,0,0,0,6,1,0,0,0,0,1,0
42603,42603,0,0,0,0,0,0,0,0,0,0,0,0,0,0
42603,42603,0,0,0,0,0,0,0,0,0,0,0,0,0,0
42603,42603,4,0,0,0,1,3,9,0,0,0,0,1,0,0
42603,42603,5,0,0,0,1,12,1,0,0,0,1,0,0,0
42603,42603,1,1,0,0,0,0,1,1,1,0,1,0,1,0
42603,42603,1,0,0,0,1,1,0,1,0,0,1,0,1,0
42603,42603,0,0,0,0,0,0,0,0,0,0,0,0,0,1
42603,42603,0,0,0,0,0,0,0,0,0,0,0,0,0,0
42603,42603,2,0,0,0,0,0,0,0,1,0,1,0,0,0
42603,42603,1,0,0,0,2,3,1,1,0,1,1,0,0,0
42603,42603,2,0,0,0,1,2,2,1,3,0,1,0,0,0
42603,42603,4,0,0,0,5,9,0,1,0,1,1,0,0,0
42603,42603,9,0,0,0,1,1,3,2,0,0,0,0,1,0
42603,42603,0,0,0,0,0,2,0,0,0,0,0,0,1,0
42603,42603,0,0,0,0,0,0,0,0,0,0,0,0,0,0
42603,42603,3,0,0,0,1,2,1,2,0,0,1,0,0,0
42603,42603,1,0,0,0,0,1,2,3,1,0,0,0,0,0
42603,42603,0,0,0,0,0,0,1,1,1,0,1,0,0,1
42603,42603,3,0,0,0,0,7,3,2,1,0,1,0,0,0
42603,42603,56,10,4,1,7,3,2,0,0,2,0,0,0,0
42603,42603,12,3,3,0,2,5,1,1,1,1,0,0,0,0
42603,42603,0,0,0,0,0,0,2,0,2,1,0,1,0,0
42603,42603,0,0,2,1,1,1,2,0,3,1,0,0,0,0
42603,42603,1,1,0,0,3,4,2,0,3,0,0,1,0,0
42603,42603,2,0,0,1,1,5,4,2,1,0,1,0,0,0
42603,42603,0,0,0,0,0,0,1,2,2,1,1,0,0,0
42603,42603,0,0,0,0,2,2,3,2,1,1,1,0,0,0
42603,42603,0,0,0,0,0,1,2,1,1,0,0,0,0,0
42603,42603,0,0,0,0,0,0,0,0,0,0,1,2,0,0
42603,42603,1,0,0,0,0,5,1,0,0,0,1,0,1,0
42603,42603,0,0,0,0,0,0,0,0,0,0,0,0,0,0
42603,42603,0,0,0,0,1,0,0,0,1,0,0,0,0,0
42603,42603,0,0,0,0,0,0,0,0,0,0,2,0,0,0
42603,42603,2,1,0,0,0,2,7,0,0,0,0,1,0,0
42603,42603,0,0,0,0,0,0,0,0,0,0,0,0,0,0
42603,42603,6,0,0,0,2,7,1,1,1,1,0,0,0,0
42603,42603,0,0,0,0,0,0,0,1,0,0,0,0,0,0
42603,42603,18,1,0,0,2,17,1,1,1,0,0,0,0,0
42603,42603,0,0,0,0,0,0,0,0,0,0,1,0,0,0
42603,42603,2,0,0,0,0,5,7,0,0,0,0,0,0,0
42603,42603,0,0,0,0,0,0,0,0,0,0,0,0,0,0
42603,42603,0,0,0,0,0,0,0,0,0,0,0,0,0,0
42603,42603,0,0,1,0,0,1,1,1,2,0,1,0,0,0
42603,42603,22,0,0,0,0,10,11,0,0,0,0,0,0,0
42603,42603,0,0,0,0,0,0,0,0,0,0,0,0,1,0
42603,42603,0,0,0,0,0,1,0,0,2,3,0,0,0,0
42604,42604,0,0,0,0,0,0,0,0,0,0,0,0,0,0
42604,42604,0,0,0,0,0,0,0,0,0,0,0,0,0,0
42604,42604,0,0,0,0,0,0,0,0,0,0,0,0,0,0
42604,42604,0,0,0,0,0,0,0,0,0,0,0,0,0,0
42604,42604,0,0,0,0,0,0,0,0,0,0,0,0,0,0
42604,42604,0,0,0,0,0,0,0,0,0,0,0,0,0,0
42604,42604,0,0,0,0,0,0,0,0,0,0,0,0,0,0
42604,42604,0,0,0,0,0,0,0,0,0,0,0,0,0,0
42604,42604,0,0,0,0,0,0,0,0,0,0,0,0,0,0
42604,42604,0,0,0,0,0,0,0,0,0,0,0,0,0,0
42604,42604,0,0,0,0,0,0,0,0,0,0,0,0,0,0
42604,42604,0,0,0,0,0,0,0,0,0,0,0,0,0,0
42604,42604,0,0,0,0,0,0,0,0,0,0,0,0,0,0
42604,42604,0,0,0,0,0,0,0,0,0,0,0,0,0,0
42604,42604,0,0,0,0,0,0,0,0,0,0,0,0,0,0
42604,42604,0,0,0,0,0,0,0,0,0,0,0,0,0,0
42604,42604,0,0,0,0,0,0,0,0,0,0,0,0,0,0
42604,42604,0,0,0,0,0,0,0,0,0,0,0,0,0,0
42604,42604,0,0,0,0,0,0,0,0,0,0,0,0,0,0
42604,42604,0,0,0,0,0,0,0,0,0,0,0,0,0,0
42604,42604,0,0,0,0,0,0,0,0,0,0,0,0,0,0
42604,42604,0,0,0,0,0,0,0,0,0,0,0,0,0,0
42604,42604,0,0,0,0,0,0,0,0,0,0,0,0,0,0
42604,42604,0,0,0,0,0,0,0,0,0,0,0,0,0,0
42604,42604,2,0,0,1,1,1,5,1,1,0,1,0,0,0
42604,42604,4,0,0,0,0,0,0,1,4,1,0,0,0,0
42604,42604,0,0,0,0,0,1,1,0,1,2,1,0,0,0
42604,42604,0,0,0,0,0,0,0,0,0,0,0,0,0,1
42604,42604,1,0,0,0,1,0,1,1,1,2,1,0,0,0
42604,42604,2,0,0,0,0,2,0,0,2,1,0,1,0,0
42604,42604,4,0,0,0,0,1,0,0,4,1,0,0,0,0
42604,42604,1,0,0,0,0,0,1,0,2,0,1,0,0,0
42604,42604,0,0,0,1,0,0,2,2,3,0,0,0,0,0
42604,42604,0,0,0,0,0,0,1,0,1,0,0,0,0,0
42604,42604,0,1,1,0,2,2,2,0,0,2,1,0,0,0
42604,42604,3,0,0,0,0,0,0,0,6,0,0,0,0,0
42604,42604,1,1,0,0,0,0,0,0,0,3,0,0,1,0
42604,42604,3,0,0,0,0,0,0,0,0,1,2,0,0,0
42604,42604,3,0,0,0,0,0,0,0,0,0,3,0,0,0
42604,42604,4,0,0,0,0,0,0,1,0,1,2,0,0,0
42604,42604,7,0,1,0,0,1,6,1,0,2,0,0,0,0
42604,42604,2,0,0,0,0,0,2,2,3,1,0,0,0,0
42604,42604,4,0,0,0,0,0,3,3,3,0,0,0,0,0
42604,42604,0,1,1,0,0,1,4,2,0,1,0,1,0,0
42604,42604,0,0,0,0,0,0,0,0,1,1,1,0,1,0
42604,42604,1,1,0,0,0,2,3,1,2,2,0,0,0,0
42604,42604,3,0,1,0,0,2,6,2,3,0,0,0,0,0
42604,42604,0,0,0,0,0,3,1,0,1,1,0,0,0,0
42604,42604,0,0,0,0,2,1,0,1,2,0,1,0,0,0
42604,42604,0,0,0,0,0,0,0,0,0,0,1,0,0,0
42604,42604,1,0,0,0,2,2,2,3,1,0,0,1,0,0
42604,42604,0,0,0,0,1,0,1,0,0,1,2,0,0,0
42604,42604,3,0,1,1,0,0,1,1,4,0,1,0,0,0
42604,42604,5,0,0,0,1,3,2,3,3,0,0,0,0,0
42604,42604,0,0,0,0,0,0,0,0,0,1,1,1,0,0
42604,42604,0,0,1,1,1,4,0,1,1,2,0,0,0,0
42604,42604,1,0,0,0,0,1,1,0,0,1,0,0,0,0
42604,42604,3,0,0,0,1,0,0,2,0,0,2,0,0,1
42604,42604,1,0,0,0,0,0,0,0,0,0,1,1,0,0
42604,42604,0,0,0,0,0,0,0,0,0,0,0,0,0,0
42604,42604,2,4,0,0,0,0,0,1,0,0,2,0,0,0
42604,42604,1,0,0,0,1,0,1,0,3,2,0,0,0,0
42604,42604,1,0,0,0,0,0,2,1,0,1,0,1,0,0
42604,42604,3,0,0,0,0,0,1,3,3,1,0,0,0,0
42604,42604,4,0,0,0,0,0,4,7,1,0,0,0,0,0
42604,42604,5,0,0,0,0,0,3,7,0,0,0,0,0,0
42604,42604,0,0,0,0,0,0,0,1,1,3,0,0,0,0
42604,42604,2,0,0,0,0,0,0,0,0,0,3,0,0,0
42604,42604,3,0,0,0,0,0,2,0,1,3,0,0,0,0
42604,42604,0,0,0,0,0,0,0,0,0,0,1,0,1,0
42604,42604,0,0,0,0,0,0,0,0,0,0,3,0,0,0
42604,42604,15,0,1,0,0,8,4,2,0,0,1,0,0,0
42604,42604,0,0,0,0,0,1,0,1,0,0,1,0,1,0
42604,42604,0,0,0,0,0,0,0,0,0,0,0,0,1,0
42604,42604,2,0,0,0,0,0,0,0,0,0,1,0,1,0
42604,42604,3,0,0,0,0,0,1,3,2,0,1,0,0,0
42604,42604,67,5,1,2,2,0,3,3,1,0,0,0,0,0
42604,42604,3,0,0,0,0,0,0,0,1,2,1,0,0,0
42604,42604,8,0,0,0,2,0,0,0,0,2,2,0,0,0
42604,42604,7,1,0,0,2,2,0,1,3,1,0,0,0,0
42604,42604,27,3,0,1,1,0,1,0,0,1,0,1,0,0
42604,42604,18,1,0,0,0,0,1,1,3,1,0,0,0,0
42604,42604,9,2,0,0,1,0,1,0,1,0,3,0,0,0
42604,42604,2,0,0,0,0,1,0,0,1,3,0,0,0,0
42604,42604,6,0,0,0,0,0,0,0,0,5,0,0,0,0
42604,42604,14,1,0,0,1,1,0,0,2,2,0,0,0,0
42604,42604,53,1,0,0,0,0,0,0,0,2,2,0,0,0
42604,42604,7,0,0,0,0,0,0,0,1,2,1,0,0,0
42604,42604,41,1,0,0,0,0,0,0,1,3,0,0,0,0
42604,42604,21,0,0,0,0,0,1,1,5,0,0,0,0,0
42604,42604,9,0,0,0,0,0,7,5,0,0,0,0,0,0
42604,42604,13,0,0,0,0,0,4,6,0,0,0,0,0,0
42604,42604,10,1,0,0,0,0,8,4,0,0,0,0,0,0
42604,42604,9,0,0,0,0,1,5,5,0,0,0,0,0,0
42604,42604,33,2,0,1,0,1,3,5,0,0,0,0,0,0
42604,42604,70,5,3,0,0,0,0,1,3,1,0,0,0,0
42604,42604,20,5,0,0,0,2,8,2,0,0,0,0,0,0
42604,42604,12,0,0,0,0,1,7,4,0,0,0,0,0,0
42604,42604,2,0,0,0,2,8,12,0,0,0,0,0,0,0
42604,42604,7,0,0,0,0,0,1,6,2,0,0,0,0,0
42604,42604,2,1,0,0,0,1,0,6,2,0,0,0,0,0
42604,42604,4,0,0,0,0,1,0,6,2,0,0,0,0,0
42604,42604,3,0,0,0,0,0,0,0,2,3,0,0,0,0
42604,42604,4,0,0,0,0,0,0,0,1,3,1,0,0,0
42604,42604,15,0,0,0,0,0,4,4,2,0,0,0,0,0
42604,42604,15,0,0,0,0,0,1,1,5,0,0,0,0,0
42604,42604,6,2,0,0,1,2,2,3,3,0,0,0,0,0
42604,42604,5,1,1,2,4,3,9,2,0,0,0,0,0,0
42604,42604,130,3,1,0,0,1,2,1,0,0,0,0,0,0
42604,42604,13,0,0,0,0,1,1,3,3,0,0,0,0,0
42604,42604,8,0,1,0,0,0,6,4,1,0,0,0,0,0
42604,42604,9,0,0,0,0,2,5,6,0,0,0,0,0,0
42604,42604,128,8,3,0,1,2,1,0,0,0,0,0,0,0
42604,42604,7,0,3,3,5,11,7,0,0,0,0,0,0,0
42604,42604,19,1,1,1,3,1,3,2,0,0,0,0,0,0
42604,42604,6,0,0,0,1,2,7,4,1,0,0,0,0,0
42604,42604,2,1,0,0,0,0,0,1,1,0,1,1,0,0
42604,42604,3,0,0,0,0,0,0,1,5,0,0,0,1,0
42604,42604,9,1,1,0,0,1,0,1,3,2,0,0,0,0
42604,42604,14,0,0,0,2,2,0,1,3,1,0,0,0,0
42604,42604,10,0,0,0,0,3,3,0,4,0,0,0,0,0
42604,42604,13,0,0,0,0,2,2,0,5,0,0,0,0,0
42604,42604,70,10,2,0,1,1,1,1,4,0,0,0,0,0
42604,42604,97,10,1,0,1,0,4,2,1,0,0,0,0,0
42604,42604,105,4,0,1,2,2,2,1,0,0,0,0,0,0
42604,42604,136,4,2,0,0,0,2,1,0,0,0,0,0,0
42604,42604,7,0,0,0,0,0,0,0,0,1,3,0,0,0
42604,42604,6,1,0,0,0,0,0,2,4,0,0,0,0,0
42604,42604,9,0,0,0,1,0,0,0,5,1,0,0,0,0
42604,42604,13,0,0,0,0,0,0,0,6,0,0,0,0,0
42604,42604,14,0,0,0,1,0,0,0,3,2,0,0,0,0
42604,42604,12,0,2,0,2,3,6,1,2,0,0,0,0,0
42604,42604,21,0,0,0,0,0,0,0,5,0,0,0,0,0
42604,42604,11,1,0,0,1,1,14,1,0,0,0,0,0,0
42604,42604,6,1,1,0,0,1,8,3,0,0,0,0,0,0
42604,42604,20,0,0,0,0,0,0,0,6,0,0,0,0,0
42604,42604,14,0,0,0,3,0,0,2,5,0,0,0,0,0
42604,42604,17,0,0,0,0,1,2,4,1,1,0,0,0,0
42604,42604,44,7,0,0,0,1,0,0,3,1,0,0,0,0
42604,42604,12,1,0,0,1,1,2,3,3,0,0,0,0,0
42604,42604,19,3,2,1,5,7,3,2,1,0,0,0,0,0
42604,42604,47,2,0,0,2,1,2,1,3,0,0,0,0,0
42604,42604,2,0,0,0,0,0,0,0,0,0,3,0,0,0
42604,42604,8,1,0,0,0,0,0,0,1,4,0,0,0,0
42604,42604,13,1,0,0,3,1,2,1,3,1,0,0,0,0
42604,42604,17,0,0,0,0,0,0,0,0,2,2,0,0,0
42604,42604,0,0,0,0,0,0,0,0,0,0,1,0,0,1
42605,42605,0,0,0,0,0,0,0,0,0,0,0,0,0,0
42605,42605,0,0,0,0,0,0,0,0,0,0,0,0,0,0
42605,42605,0,0,0,0,1,0,2,2,1,1,1,0,0,0
42605,42605,0,0,0,0,1,5,3,1,0,0,2,0,0,0
42605,42605,1,0,0,0,0,1,1,2,2,0,1,0,0,0
42605,42605,0,0,0,0,1,0,3,1,1,1,0,1,0,0
42605,42605,0,0,1,0,1,0,0,0,2,0,1,0,0,0
42605,42605,0,0,0,0,0,2,2,1,0,1,1,0,0,0
42605,42605,0,0,0,0,0,1,1,1,0,0,2,1,0,0
42605,42605,4,0,0,0,0,0,0,0,0,3,1,0,0,0
42605,42605,0,0,0,0,1,2,1,1,0,0,2,0,0,0
42605,42605,0,0,0,1,1,3,1,1,2,1,0,0,0,0
42605,42605,4,0,1,1,2,1,3,0,2,2,0,0,0,0
42605,42605,0,0,0,2,1,3,1,0,1,2,0,0,0,0
42605,42605,1,0,0,0,0,2,0,0,0,1,2,0,0,0
42605,42605,1,0,0,0,0,0,0,0,0,0,3,0,0,0
42605,42605,0,0,0,0,2,0,1,4,0,0,1,0,1,0
42605,42605,1,0,0,0,0,0,0,0,1,4,0,0,0,0
42605,42605,0,0,0,0,2,0,0,0,1,1,1,0,0,0
42605,42605,0,0,0,0,0,0,0,0,0,0,0,0,1,0
42605,42605,0,0,2,1,0,0,1,1,1,0,1,0,0,1
42605,42605,4,0,0,0,0,0,8,1,2,0,0,0,0,0
42605,42605,0,0,0,0,1,0,0,1,1,0,2,0,0,0
42605,42605,1,0,0,0,0,2,0,2,0,1,1,1,0,0
42605,42605,0,0,0,0,1,0,0,0,0,2,0,0,0,0
42605,42605,0,0,0,0,0,0,0,1,0,0,1,0,0,1
42605,42605,0,0,0,0,0,0,0,0,1,0,0,1,0,1
42605,42605,0,0,0,0,0,0,0,0,1,0,0,0,1,0
42605,42605,3,0,0,0,0,0,1,1,3,0,0,1,0,0
42605,42605,0,0,0,0,0,0,2,3,1,0,0,0,0,0
42605,42605,0,0,0,0,0,0,0,0,0,1,0,0,0,1
42605,42605,0,0,0,0,0,0,0,0,0,0,0,0,0,0
42605,42605,0,0,0,0,1,0,1,2,2,0,0,0,0,0
42605,42605,0,0,0,0,1,0,0,0,1,0,0,0,0,0
42605,42605,0,0,0,0,0,0,0,0,0,0,1,1,0,0
42605,42605,0,0,0,0,0,0,0,0,0,0,0,1,1,0
42605,42605,0,0,0,1,1,0,1,2,0,0,1,1,0,0
42605,42605,1,0,0,1,0,1,4,2,1,0,0,1,0,0
42605,42605,0,0,0,0,0,0,0,0,0,0,0,0,0,0
42605,42605,0,0,0,0,0,1,2,0,1,0,0,1,1,0
42605,42605,0,0,0,0,0,0,0,1,1,1,1,0,0,0
42605,42605,0,0,0,0,0,0,0,0,0,0,0,0,0,0
42605,42605,0,0,0,0,0,0,0,0,3,0,1,0,0,0
42605,42605,0,0,0,0,1,0,0,0,0,1,0,1,1,0
42605,42605,1,0,0,1,1,0,0,0,1,0,1,1,0,0
42605,42605,0,0,0,0,0,0,0,0,0,0,0,0,1,0
42605,42605,0,0,0,0,0,0,0,0,0,0,0,0,0,1
42605,42605,0,0,0,0,0,0,0,0,1,0,0,0,1,0
42605,42605,0,0,0,0,1,2,0,1,0,1,1,0,0,1
42605,42605,1,0,1,1,0,0,3,2,1,0,0,0,0,0
42605,42605,0,0,0,0,0,0,0,0,0,0,0,0,0,1
42605,42605,0,0,0,0,0,0,0,1,0,0,1,1,1,0
42605,42605,0,0,1,0,0,0,2,0,0,1,0,0,1,0
42605,42605,1,0,0,2,1,0,3,1,1,0,2,0,0,0
42605,42605,0,0,0,0,0,0,2,0,0,1,0,0,0,0
42605,42605,0,0,0,0,0,0,0,0,1,0,0,0,0,0
42605,42605,0,1,0,0,0,1,2,2,0,0,2,0,0,0
42605,42605,1,1,0,0,1,1,0,1,0,0,0,0,0,1
42605,42605,0,0,0,1,2,0,1,1,0,1,1,1,0,0
42605,42605,0,0,1,0,0,0,1,2,0,1,1,0,0,0
42605,42605,0,0,0,0,1,0,1,1,1,0,2,0,0,0
42605,42605,0,0,0,0,0,0,0,0,1,0,0,1,0,0
42605,42605,0,0,0,0,0,0,1,0,0,0,1,1,1,0
42605,42605,0,0,0,0,0,0,0,1,1,0,1,0,0,0
42605,42605,0,0,0,0,0,1,0,0,0,1,0,1,1,0
42605,42605,0,0,0,0,0,0,0,0,0,0,0,0,0,0
42605,42605,0,0,0,0,0,0,0,0,0,0,0,1,0,0
42605,42605,0,0,0,0,0,0,2,0,2,0,2,0,0,0
42605,42605,0,0,1,0,4,2,1,1,2,0,2,0,0,0
42605,42605,0,0,0,0,0,1,1,0,1,1,0,0,0,0
42605,42605,0,0,0,0,0,0,0,0,0,1,1,0,0,1
42605,42605,0,0,1,0,0,0,0,0,0,0,0,1,1,0
42605,42605,1,0,1,0,0,0,0,2,0,0,0,1,1,0
42605,42605,0,0,0,0,0,0,0,0,0,0,0,0,0,0
42605,42605,0,1,1,1,2,8,3,2,0,0,1,0,0,0
42605,42605,0,0,0,0,0,1,1,0,1,1,0,0,0,0
42605,42605,0,0,0,0,0,1,4,2,0,1,1,0,0,0
42605,42605,0,0,0,0,3,0,1,3,1,0,0,1,0,0
42605,42605,0,0,0,0,0,0,0,1,1,0,0,0,0,1
42605,42605,1,0,0,0,1,0,1,2,0,1,0,1,0,0
42605,42605,5,0,0,0,3,1,3,2,2,0,0,0,0,0
42605,42605,0,0,0,0,0,0,0,0,0,0,0,0,0,0
42605,42605,0,0,0,0,0,0,1,2,2,1,0,0,0,0
42605,42605,1,0,0,0,1,1,0,1,2,1,1,0,0,0
42605,42605,0,0,0,0,1,1,1,0,1,0,1,1,0,0
42605,42605,0,0,0,0,1,0,0,0,0,0,0,0,0,1
42605,42605,0,0,0,0,1,0,0,0,0,0,0,1,1,0
42605,42605,0,0,0,0,0,0,0,0,0,0,1,0,0,1
42605,42605,0,0,0,0,0,0,0,0,0,0,0,0,0,0
42605,42605,0,0,0,0,0,0,0,0,0,0,0,0,0,0
42605,42605,0,0,0,0,0,0,0,0,0,0,0,0,0,0
42605,42605,0,0,0,0,0,0,0,0,0,0,0,0,0,0
42605,42605,0,0,0,0,0,0,0,0,0,0,0,0,0,0
42605,42605,0,0,0,0,0,0,0,0,0,0,0,0,0,0
42605,42605,0,0,0,0,0,0,0,0,0,0,0,0,0,0
42605,42605,0,0,0,0,0,0,0,0,0,0,0,0,0,0
42605,42605,0,0,0,0,0,0,0,0,0,0,0,0,0,0
42605,42605,0,0,0,0,0,0,0,0,0,0,0,0,0,0
42605,42605,0,0,0,0,0,0,0,0,0,0,0,0,0,0
42605,42605,1,0,0,0,0,1,1,0,1,1,0,0,0,0
42605,42605,0,0,0,0,0,0,0,0,0,1,0,0,1,1
42605,42605,0,0,0,0,0,0,0,0,0,0,0,0,0,0
42605,42605,0,0,0,0,0,0,0,0,0,0,0,0,0,0
42605,42605,0,0,0,0,1,5,1,3,0,1,0,1,0,0
42605,42605,0,0,0,0,0,0,0,0,0,0,0,0,1,0
42605,42605,0,0,0,0,0,0,0,0,0,0,0,0,0,0
42605,42605,0,0,0,0,0,0,0,0,0,0,0,0,0,0
42605,42605,0,0,0,0,0,0,0,0,0,0,0,0,0,0
42605,42605,0,0,0,0,0,0,0,0,0,0,0,0,0,0
42605,42605,0,1,0,0,1,0,0,0,2,1,0,0,0,0
42605,42605,0,0,0,0,0,0,0,0,0,0,0,0,0,0
42605,42605,0,0,0,0,0,0,0,0,0,0,0,0,0,0
42605,42605,0,0,0,0,0,0,0,1,0,1,0,0,1,0
42605,42605,0,0,0,0,0,0,0,0,0,0,0,0,0,0
42605,42605,0,0,0,0,0,0,1,0,0,0,0,1,1,1
42605,42605,0,0,0,0,0,0,0,0,0,0,0,0,0,0
42605,42605,1,0,0,0,1,0,0,4,1,1,1,0,0,0
42605,42605,0,0,1,0,0,0,0,0,0,0,0,1,0,0
42605,42605,0,0,0,0,0,0,0,0,0,0,0,0,0,0
42605,42605,0,0,0,0,0,0,0,0,0,0,0,0,0,0
42605,42605,0,0,0,0,0,0,0,0,0,0,1,0,0,0
42605,42605,0,0,0,0,0,0,0,0,0,0,0,0,0,0
42605,42605,0,0,0,0,0,0,0,0,0,0,0,0,0,0
42605,42605,0,0,0,0,0,0,0,0,0,0,1,1,0,0
42605,42605,0,0,0,0,0,0,0,0,0,0,0,0,0,0
42605,42605,1,0,0,0,0,1,0,4,3,0,0,0,0,0
42605,42605,0,0,0,0,0,0,0,0,0,0,0,0,0,0
42605,42605,0,0,1,0,0,0,0,0,0,1,0,0,0,0
42605,42605,0,0,0,0,1,1,1,2,0,2,0,0,0,0
42605,42605,0,0,0,0,0,0,0,0,0,1,2,1,0,0
42605,42605,2,0,1,0,0,0,1,2,1,1,2,0,0,0
42605,42605,0,0,0,0,0,0,0,0,0,0,0,0,0,1
42605,42605,0,0,0,0,0,0,1,0,0,1,1,0,0,0
42605,42605,0,0,0,0,0,1,1,0,1,1,2,0,0,0
42605,42605,0,0,0,0,0,0,0,0,0,1,0,0,0,0
42605,42605,0,0,0,0,0,0,1,2,0,1,0,1,0,1
42605,42605,0,1,0,0,2,0,1,1,2,0,0,0,0,0
42605,42605,0,0,0,0,0,0,0,1,1,0,0,1,0,0
42605,42605,0,0,0,0,0,0,0,0,0,0,0,0,0,0
42605,42605,0,0,0,0,0,0,0,0,0,0,0,0,0,0
42605,42605,0,0,0,0,0,0,0,0,0,0,0,0,0,0
42605,42605,0,0,0,0,0,0,0,0,0,0,0,0,0,0
42605,42605,0,0,0,0,0,0,0,0,0,0,0,0,1,0
42605,42605,1,0,0,0,0,1,2,1,0,2,1,0,0,0
42605,42605,0,0,0,0,0,1,0,0,0,0,0,0,1,0
42605,42605,0,0,0,0,0,0,0,0,0,0,0,0,0,0
42605,42605,0,0,0,0,0,0,0,0,0,0,0,0,0,0
42605,42605,0,0,0,0,0,0,0,0,0,0,0,0,0,0
42605,42605,0,0,0,0,0,0,0,0,0,0,0,0,0,0
42605,42605,0,0,0,0,0,0,0,0,0,0,0,0,0,0
42605,42605,0,0,0,0,0,0,0,0,0,0,0,0,0,0
42605,42605,0,0,0,0,0,0,0,0,0,0,0,0,0,0
42605,42605,0,0,0,0,0,0,0,0,0,0,0,0,0,0
42605,42605,0,0,0,0,0,0,0,0,0,0,0,0,0,0
42605,42605,0,0,0,0,0,1,0,0,0,1,1,0,0,0
42605,42605,3,1,0,0,1,2,3,0,2,0,1,0,0,0
42605,42605,0,0,0,0,0,0,0,0,0,0,0,0,0,0
42605,42605,0,0,0,0,0,0,0,0,0,0,0,0,0,0
42605,42605,0,0,0,0,0,0,0,0,0,0,0,0,0,0
42605,42605,0,0,0,0,0,0,0,0,0,0,0,0,0,0
42605,42605,0,0,0,1,0,0,4,1,0,1,1,0,0,0
42605,42605,1,1,0,0,1,0,0,0,0,2,0,1,0,0
42605,42605,1,0,1,1,2,0,0,0,2,1,1,0,0,0
42605,42605,5,3,2,1,3,3,3,3,0,0,1,0,0,0
42605,42605,2,0,0,0,1,1,4,0,2,1,1,0,0,0
42605,42605,0,1,0,0,0,3,2,1,4,0,0,0,0,0
42605,42605,0,0,0,0,0,0,1,3,0,0,0,0,2,0
42605,42605,0,0,0,0,0,1,1,1,0,1,0,1,0,0
42605,42605,0,0,0,1,0,4,3,1,1,1,1,0,0,0
42605,42605,0,2,0,1,0,1,0,0,0,1,3,0,0,0
42605,42605,1,0,1,0,1,0,0,0,0,0,2,0,0,0
42605,42605,0,0,0,0,0,1,0,0,1,0,1,0,1,0
42605,42605,1,0,0,0,1,0,0,0,0,1,2,0,0,0
42605,42605,1,0,0,0,0,0,0,0,0,0,3,0,0,0
42605,42605,0,0,0,0,1,2,0,1,0,0,0,0,0,1
42605,42605,1,0,1,1,0,0,0,0,0,2,0,0,1,0
42605,42605,2,0,0,0,1,2,2,1,0,2,1,0,0,0
42605,42605,1,0,0,0,1,0,4,2,1,0,1,0,0,1
42605,42605,1,0,0,0,0,2,3,0,2,0,0,1,0,0
42605,42605,0,0,0,0,0,0,2,1,3,1,0,0,0,0
42605,42605,0,0,0,0,0,2,3,2,2,1,0,0,0,0
42605,42605,0,0,0,0,1,1,9,1,0,0,0,0,0,0
42605,42605,0,0,0,0,0,2,3,2,3,0,0,0,0,0
42605,42605,0,0,0,0,0,0,0,0,0,0,0,0,0,1
42605,42605,4,0,0,1,0,1,0,0,0,0,0,1,1,0
42605,42605,2,0,0,1,0,1,1,2,2,0,1,0,0,0
42605,42605,3,0,0,0,0,4,4,3,2,0,0,0,0,0
42664,42664,0,0,0,0,0,0,0,0,0,0,0,0,0,0
42664,42664,0,0,0,0,0,0,0,0,0,0,0,0,0,0
42664,42664,0,0,0,0,0,0,0,0,0,0,0,0,0,0
42664,42664,0,0,0,0,0,0,0,0,0,0,0,0,0,0
42664,42664,0,0,0,0,0,0,0,0,0,0,0,0,0,0
42664,42664,0,0,0,0,0,0,0,0,0,0,0,0,0,0
42664,42664,0,0,0,0,0,0,0,0,0,0,0,0,0,0
42664,42664,0,0,0,0,0,0,0,0,0,0,0,0,0,0
42664,42664,0,0,0,0,0,0,0,0,0,0,0,0,0,0
42664,42664,0,0,0,0,0,0,0,0,0,0,0,0,0,0
42664,42664,0,0,0,0,0,0,0,0,0,0,0,0,0,0
42664,42664,0,0,0,0,0,0,0,0,0,0,0,0,0,0
42664,42664,0,0,0,0,0,0,0,0,0,0,0,0,0,0
42664,42664,0,0,0,0,0,0,0,0,0,0,0,0,0,0
42664,42664,0,0,0,0,0,0,0,0,0,0,0,0,0,0
42664,42664,0,0,0,0,0,0,0,1,0,0,0,0,0,0
42664,42664,0,0,0,0,0,0,2,0,0,0,0,0,0,0
42664,42664,0,0,0,0,0,0,0,1,1,1,2,0,0,0
42664,42664,0,0,0,0,0,0,0,0,0,1,2,0,0,0
42664,42664,0,0,0,0,0,0,0,0,0,0,1,0,0,0
42664,42664,0,0,1,0,1,0,0,2,0,0,1,0,0,1
42664,42664,0,0,1,0,0,1,4,4,2,0,0,0,0,0
42664,42664,0,0,0,0,0,0,0,0,0,0,0,0,0,0
42664,42664,7,1,0,0,0,1,0,0,4,1,0,0,0,0
42664,42664,5,1,0,1,0,0,0,0,4,2,0,0,0,0
42664,42664,2,0,0,0,0,0,0,0,3,0,0,0,0,0
42664,42664,0,0,0,0,0,0,0,0,0,0,0,0,1,1
42664,42664,0,1,1,0,0,0,0,1,0,2,0,1,0,0
42664,42664,4,2,0,0,0,0,2,0,1,3,1,0,0,0
42664,42664,1,0,0,0,0,1,1,1,0,0,1,0,0,0
42664,42664,0,0,0,1,2,0,4,0,1,0,0,0,1,0
42664,42664,0,0,0,0,1,1,0,0,0,1,2,0,0,0
42664,42664,0,0,0,0,0,1,0,1,2,0,0,1,0,0
42664,42664,0,0,0,0,0,0,0,0,0,0,0,0,1,1
42664,42664,0,0,0,0,0,0,0,0,1,0,2,0,0,0
42664,42664,6,0,0,0,3,11,8,2,0,0,0,0,0,0
42664,42664,1,0,0,1,0,2,8,0,0,0,1,0,0,0
42664,42664,0,0,0,0,0,0,1,2,2,0,0,0,0,0
42664,42664,13,0,0,0,0,0,2,5,0,0,1,0,0,0
42664,42664,0,0,0,0,0,0,0,0,0,0,0,0,0,0
42664,42664,1,0,0,0,0,0,0,4,2,0,1,0,0,0
42664,42664,0,0,1,0,0,0,0,0,0,1,0,0,1,0
42664,42664,0,0,0,0,0,1,0,2,0,0,0,0,1,0
42664,42664,4,0,0,0,1,0,0,3,0,1,0,0,1,0
42664,42664,0,0,0,0,1,0,1,0,1,1,1,0,0,0
42664,42664,0,0,0,0,0,0,0,0,0,0,0,0,0,0
42664,42664,1,0,0,0,1,1,2,1,0,0,2,0,0,0
42664,42664,0,0,0,0,0,0,0,0,0,0,0,0,1,0
42664,42664,1,0,0,0,0,1,1,0,1,2,0,1,0,0
42664,42664,0,0,0,1,1,1,0,1,2,0,0,1,0,0
42664,42664,0,0,0,0,0,0,0,0,1,0,0,0,1,0
42664,42664,0,0,0,0,0,0,2,1,0,1,0,2,0,0
42664,42664,0,0,0,0,0,0,0,1,0,2,0,1,0,0
42664,42664,0,1,0,0,0,0,2,1,1,0,1,0,0,0
42664,42664,0,0,0,1,0,1,3,0,0,1,1,0,0,0
42664,42664,0,0,0,0,0,0,0,0,1,0,1,1,0,0
42664,42664,0,0,0,0,0,1,0,0,1,1,1,0,1,0
42664,42664,0,0,0,0,0,1,2,3,1,1,0,0,0,0
42664,42664,3,0,1,0,0,0,7,2,2,0,0,0,0,0
42664,42664,0,2,1,0,0,2,3,1,1,0,0,0,0,0
42664,42664,0,0,0,0,0,1,0,0,0,0,1,0,1,0
42664,42664,17,0,0,0,0,12,11,0,0,0,0,0,0,0
42664,42664,0,2,0,0,0,0,2,2,0,0,0,0,0,0
42664,42664,6,0,1,0,0,0,0,6,1,1,0,0,0,0
42664,42664,1,0,0,0,0,0,0,2,0,0,0,0,0,0
42664,42664,0,0,0,0,1,2,1,2,1,1,0,0,0,1
42664,42664,0,0,0,0,0,0,0,0,0,0,0,0,0,0
42664,42664,0,0,0,0,0,1,1,0,1,0,0,2,0,0
42664,42664,0,0,1,0,1,0,0,0,0,0,1,0,1,0
42664,42664,0,0,0,0,0,2,2,2,1,0,0,0,0,0
42664,42664,0,0,0,0,0,0,0,0,0,0,1,0,1,0
42664,42664,0,0,0,0,0,0,0,0,0,0,0,0,0,0
42664,42664,0,0,0,0,0,0,0,0,0,0,0,0,0,0
42664,42664,0,0,0,0,0,0,0,0,1,1,1,0,0,0
42664,42664,0,0,0,0,0,0,0,0,0,0,0,0,1,0
42664,42664,0,0,0,0,2,0,2,2,0,1,2,0,0,0
42664,42664,0,0,0,0,0,0,0,1,0,1,0,2,0,0
42664,42664,0,0,0,0,0,0,1,0,0,1,0,0,0,0
42664,42664,0,0,0,0,1,0,3,1,0,2,0,0,0,1
42664,42664,0,0,0,0,0,1,0,1,5,1,0,0,0,0
42664,42664,0,0,0,0,0,1,0,0,0,1,2,0,0,0
42664,42664,0,0,0,0,0,1,0,0,0,0,2,1,0,0
42664,42664,0,0,0,0,0,0,0,0,1,1,0,0,1,0
42664,42664,0,0,1,0,1,1,1,2,0,1,2,0,0,0
42664,42664,0,0,0,0,0,0,0,0,1,0,0,0,1,0
42664,42664,7,0,0,0,0,0,2,5,1,0,0,0,0,1
42664,42664,5,0,0,0,0,0,1,6,0,0,0,0,0,0
42664,42664,2,0,0,0,0,0,0,1,0,1,0,1,0,0
42664,42664,0,0,0,1,0,0,0,0,1,0,0,0,2,0
42664,42664,0,0,0,0,0,0,0,0,0,0,1,0,0,0
42664,42664,0,0,0,0,0,0,1,0,1,1,1,0,1,0
42664,42664,0,0,0,0,0,0,0,0,1,0,0,1,1,0
42664,42664,0,0,0,0,0,0,2,0,0,0,1,0,0,0
42664,42664,0,0,0,0,0,0,0,0,0,0,0,0,0,0
42664,42664,0,0,0,0,0,0,0,0,1,0,2,0,0,0
42664,42664,0,1,0,0,0,0,0,0,0,0,1,2,0,0
42664,42664,0,0,0,0,0,0,0,0,0,0,0,0,0,0
42664,42664,3,1,1,0,0,0,0,1,2,1,0,0,0,0
42664,42664,0,2,0,0,0,0,0,0,0,0,0,0,1,0
42664,42664,0,0,0,0,0,0,0,0,0,0,0,0,0,0
42664,42664,0,0,0,0,0,1,1,0,0,1,0,0,0,0
42664,42664,0,0,0,0,0,0,1,1,0,0,1,0,1,0
42664,42664,0,0,0,0,0,1,0,0,1,0,0,0,0,1
42664,42664,0,0,0,0,0,0,1,0,0,0,0,0,1,0
42664,42664,11,0,0,0,0,0,8,0,0,1,0,0,1,0
42664,42664,6,0,1,0,0,0,5,1,2,0,0,0,0,0
42664,42664,0,0,0,0,0,0,0,1,0,0,1,0,0,0
42664,42664,0,0,0,0,0,1,0,1,0,0,2,0,1,0
42664,42664,0,0,0,0,0,0,0,0,2,2,1,0,0,0
42664,42664,2,1,0,0,1,1,3,0,1,3,0,0,0,0
42664,42664,1,0,0,0,0,0,0,0,1,0,0,0,0,0
42664,42664,0,0,0,0,0,0,1,0,0,0,0,1,0,0
42664,42664,0,0,0,0,0,0,0,0,0,0,0,0,0,0
42664,42664,0,0,0,0,1,2,0,1,0,0,0,1,0,0
42664,42664,0,1,0,0,0,3,3,0,0,1,0,2,0,0
42664,42664,2,2,0,0,4,3,8,3,0,0,0,0,0,0
42664,42664,0,0,0,0,1,0,1,0,1,1,0,0,0,0
42664,42664,0,0,0,0,0,0,0,0,0,0,0,0,0,0
42664,42664,0,0,0,0,0,0,0,0,0,2,0,1,0,0
42664,42664,3,0,0,0,1,0,0,2,0,1,1,1,0,0
42664,42664,3,0,1,0,2,0,0,4,0,2,0,0,0,0
42664,42664,0,0,0,0,0,1,1,3,3,0,1,0,0,0
42664,42664,0,0,0,0,1,1,1,1,1,0,0,0,0,0
42664,42664,0,0,0,0,1,3,1,2,0,0,2,0,0,0
42664,42664,6,1,0,0,0,18,4,0,0,0,0,0,0,0
42664,42664,7,0,0,0,0,18,3,0,1,0,0,0,0,0
42664,42664,2,0,0,0,0,3,3,3,1,0,1,0,0,0
42664,42664,1,0,0,0,2,4,1,1,1,1,0,1,0,0
42664,42664,0,0,0,0,2,1,5,1,1,0,0,0,0,0
42664,42664,1,0,0,0,0,0,4,2,1,1,1,0,0,0
42664,42664,0,0,0,0,0,2,0,0,0,2,0,0,1,0
42664,42664,0,0,0,0,0,0,0,0,0,2,1,0,1,0
42664,42664,0,0,0,0,1,2,1,0,0,0,1,1,0,0
42664,42664,0,0,0,0,0,0,1,0,0,1,0,0,0,0
42664,42664,10,0,0,0,0,1,8,0,2,0,1,0,0,0
42664,42664,0,0,0,0,0,0,0,0,0,0,0,0,0,0
42664,42664,0,0,0,0,0,0,1,0,0,0,1,0,0,0
42664,42664,0,0,0,1,0,1,0,0,0,0,0,1,0,0
42664,42664,0,0,0,0,0,0,0,1,0,0,0,0,1,1
42664,42664,5,0,0,0,0,0,9,1,0,1,1,0,0,0
42664,42664,0,0,0,0,2,3,2,2,0,0,0,0,0,0
42664,42664,0,0,0,0,0,0,0,0,0,0,0,0,0,0
42664,42664,0,0,0,0,2,0,2,1,0,0,2,0,0,0
42664,42664,0,0,2,0,0,0,1,0,1,0,1,1,0,0
42664,42664,1,0,0,0,0,2,1,1,2,1,1,0,0,0
42664,42664,0,0,1,0,0,0,2,0,1,2,1,0,0,0
42664,42664,0,0,0,0,0,0,0,1,0,0,0,0,0,1
42664,42664,0,0,0,0,0,1,1,0,0,0,1,0,0,0
42664,42664,0,0,0,0,0,1,3,2,3,0,0,0,1,0
42664,42664,0,0,0,0,0,0,3,1,1,0,2,0,0,0
42664,42664,0,0,1,2,5,5,5,1,1,0,0,0,0,0
42664,42664,0,0,0,0,1,0,2,2,2,0,0,1,0,0
42664,42664,0,0,0,0,0,0,0,0,0,0,0,0,0,1
42664,42664,1,0,0,0,0,2,4,2,2,1,0,0,0,0
42664,42664,0,0,0,0,0,0,1,0,1,1,0,0,1,0
43635,43635,0,0,0,0,0,0,0,0,0,0,0,0,0,
43635,43635,0,0,0,0,0,0,0,0,0,0,0,0,0,
43635,43635,0,0,0,0,0,0,0,0,0,0,0,0,0,
43635,43635,0,0,0,0,0,0,0,0,0,0,0,0,0,
43635,43635,0,0,0,0,0,0,0,0,0,0,0,0,0,
43635,43635,0,0,0,0,0,0,0,0,0,0,0,0,0,
43635,43635,0,0,0,0,0,0,0,0,0,0,0,0,0,
43635,43635,0,0,0,0,0,0,0,0,0,0,0,0,0,
43635,43635,0,0,0,0,0,0,0,0,0,0,0,0,0,
43635,43635,0,0,0,0,0,0,0,0,0,0,0,0,0,
43635,43635,0,0,0,0,0,0,0,0,0,0,0,0,0,
43635,43635,0,0,0,0,0,0,0,0,0,0,0,0,0,
43635,43635,0,0,0,0,0,0,0,0,0,0,0,0,0,
43635,43635,0,0,0,0,0,0,0,0,0,0,0,0,0,
43635,43635,0,0,0,0,0,0,0,0,0,0,0,0,0,
43635,43635,0,0,0,0,0,0,0,0,0,0,0,0,0,
43635,43635,0,1,1,0,1,0,0,0,0,0,0,0,0,
43635,43635,1,0,0,1,2,5,6,1,1,1,0,0,0,
43635,43635,9,0,1,0,2,3,9,3,0,0,0,0,0,
43635,43635,1,2,0,0,0,0,7,1,1,0,1,0,0,
43635,43635,0,1,1,0,0,0,1,0,2,1,0,1,0,
43635,43635,2,0,0,0,1,0,1,8,1,0,0,0,0,
43635,43635,0,0,0,0,0,1,1,1,0,0,1,1,0,
43635,43635,0,0,0,0,0,2,3,2,0,0,1,0,0,
43635,43635,0,0,0,0,0,1,0,0,0,0,0,0,1,
43635,43635,24,5,3,0,6,8,4,3,0,0,0,0,0,
43635,43635,32,5,1,0,4,9,3,4,0,0,0,0,0,
43635,43635,6,1,1,0,1,0,1,3,1,2,0,0,0,
43635,43635,8,0,0,1,3,0,3,3,1,1,0,0,0,
43635,43635,21,3,0,2,1,3,4,4,1,0,0,0,0,
43635,43635,32,6,0,2,2,4,2,2,2,0,0,0,0,
43635,43635,26,5,6,2,3,1,5,2,2,0,0,0,0,
43635,43635,0,0,0,0,1,1,1,3,2,0,1,0,0,
43635,43635,9,1,0,0,1,2,10,2,1,0,0,0,0,
43635,43635,6,1,0,1,1,0,4,4,0,1,0,0,0,
43635,43635,2,0,0,0,0,0,7,3,2,0,0,0,0,
43635,43635,3,0,0,0,2,3,2,1,0,2,0,0,0,
43635,43635,7,3,4,0,9,3,7,2,0,0,0,0,0,
43635,43635,16,2,0,0,1,0,0,4,3,0,0,0,0,
43635,43635,17,1,0,0,5,6,5,2,1,0,0,0,0,
43635,43635,10,1,1,0,0,1,0,7,1,0,0,0,0,
43635,43635,11,1,0,0,0,1,4,6,1,0,0,0,0,
43635,43635,60,24,11,4,3,1,2,4,0,0,0,0,0,
43635,43635,131,39,15,4,3,0,0,1,1,0,0,0,0,
43635,43635,21,4,2,2,4,2,0,2,4,0,0,0,0,
43635,43635,11,1,2,0,4,1,4,5,1,0,0,0,0,
43635,43635,13,0,0,1,2,0,2,7,0,0,0,0,0,
43635,43635,7,0,1,1,4,5,5,4,1,0,0,0,0,
43635,43635,28,4,1,1,2,5,2,5,0,0,0,0,0,
43635,43635,36,3,0,0,2,2,0,7,0,0,0,0,0,
43635,43635,12,2,1,0,2,2,5,1,0,0,1,0,0,
43635,43635,64,45,31,17,16,2,1,0,0,0,0,0,0,
43635,43635,4,0,0,0,2,2,9,2,1,0,0,0,0,
43635,43635,37,4,0,1,2,3,6,3,0,0,0,0,0,
43635,43635,120,15,3,2,4,0,2,4,0,0,0,0,0,
43635,43635,21,2,1,0,3,1,3,3,0,1,0,0,0,
43635,43635,14,1,0,1,3,3,9,1,0,0,1,0,0,
43635,43635,32,2,0,0,0,1,3,6,0,0,0,0,0,
43635,43635,24,0,2,0,3,2,4,5,1,0,0,0,0,
43635,43635,79,4,3,4,10,7,4,0,0,0,0,0,0,
43635,43635,103,1,1,0,2,0,3,3,0,0,0,0,0,
43635,43635,128,8,0,0,4,1,4,0,0,0,0,0,0,
43635,43635,18,3,0,1,3,8,9,0,0,0,0,0,0,
43635,43635,17,4,3,0,4,4,10,1,0,0,0,0,0,
43635,43635,100,4,2,1,2,5,5,1,0,0,0,0,0,
43635,43635,109,9,2,0,6,5,4,1,0,0,0,0,0,
43635,43635,255,6,0,0,0,0,0,0,0,0,0,0,0,
43635,43635,31,0,1,0,1,1,15,0,0,0,0,0,0,
43635,43635,18,5,2,2,6,3,10,1,0,0,0,0,0,
43635,43635,26,1,2,1,3,0,0,8,0,0,0,0,0,
43635,43635,21,2,1,1,0,2,4,7,0,0,0,0,0,
43635,43635,21,2,1,0,2,4,9,1,0,0,0,0,0,
43635,43635,255,7,2,0,0,0,0,0,0,0,0,0,0,
43635,43635,173,9,1,0,3,2,2,1,0,0,0,0,0,
43635,43635,33,0,3,0,3,7,0,6,0,0,0,0,0,
43635,43635,20,0,1,1,1,1,6,4,0,0,0,0,0,
43635,43635,9,0,0,2,4,1,4,6,0,0,0,0,0,
43635,43635,92,12,0,0,3,3,6,1,0,0,0,0,0,
43635,43635,14,1,0,0,3,4,6,5,0,0,0,0,0,
43635,43635,10,2,0,0,3,4,2,4,0,1,0,0,0,
43635,43635,72,3,0,1,3,0,3,2,0,0,0,0,0,
43635,43635,141,5,0,0,2,4,5,1,0,0,0,0,0,
43635,43635,78,7,0,1,0,4,7,2,0,0,0,0,0,
43635,43635,152,16,1,4,0,3,4,2,0,0,0,0,0,
43635,43635,82,4,4,2,4,2,4,3,0,0,0,0,0,
43635,43635,69,8,1,1,1,5,5,2,0,0,0,0,0,
43635,43635,55,1,0,1,0,2,5,3,1,0,0,0,0,
43635,43635,44,6,1,0,0,2,13,0,0,0,0,0,0,
43635,43635,58,5,5,1,8,5,2,1,1,1,0,0,0,
43635,43635,165,6,1,0,0,0,1,2,0,0,0,0,0,
43635,43635,76,3,2,0,1,5,2,2,2,0,0,0,0,
43635,43635,34,1,0,0,5,0,2,3,2,0,0,0,0,
43635,43635,41,2,1,0,2,1,2,5,1,0,0,0,0,
43635,43635,48,6,0,1,5,8,2,2,1,0,0,0,0,
43635,43635,51,3,1,0,3,1,2,3,1,1,0,0,0,
43635,43635,121,1,2,1,2,3,1,2,1,0,0,0,0,
43635,43635,16,1,0,0,2,1,4,3,2,0,0,0,0,
43635,43635,10,2,0,1,2,3,7,4,0,0,0,0,0,
43635,43635,9,1,1,2,5,6,5,2,1,0,0,0,0,
43635,43635,141,13,3,0,2,0,0,5,0,0,0,0,0,
43635,43635,7,1,0,0,3,2,5,2,1,0,0,0,0,
43635,43635,21,0,2,0,2,4,3,6,0,0,0,0,0,
43635,43635,75,5,0,0,0,1,1,5,1,0,0,0,0,
43635,43635,27,0,1,0,2,1,6,1,2,0,0,0,0,
43635,43635,29,2,0,0,5,7,3,2,1,0,0,0,0,
43635,43635,51,4,0,1,1,1,5,5,0,0,0,0,0,
43635,43635,18,1,0,0,0,3,3,5,1,0,0,0,0,
43635,43635,32,5,2,0,0,0,5,5,0,0,0,0,0,
43635,43635,18,1,0,0,1,2,3,3,2,0,0,0,0,
43635,43635,18,0,0,0,3,1,5,6,0,0,0,0,0,
43635,43635,14,0,2,0,2,2,5,2,0,2,0,0,0,
43635,43635,35,0,1,0,2,1,14,0,0,0,0,0,0,
43635,43635,10,3,0,2,6,6,4,0,1,0,0,0,0,
43635,43635,10,0,0,0,0,1,2,6,0,0,0,0,0,
43635,43635,12,1,1,0,2,3,4,4,1,0,0,0,0,
43635,43635,32,7,1,3,2,5,6,2,0,0,0,0,0,
43635,43635,18,0,0,0,3,4,6,4,0,0,0,0,0,
43635,43635,15,1,1,1,6,4,5,2,1,0,0,0,0,
43635,43635,43,6,3,2,7,3,4,4,0,0,0,0,0,
43635,43635,20,2,1,1,4,1,2,5,1,0,0,0,0,
43635,43635,32,3,6,0,4,1,1,7,0,0,0,0,0,
43635,43635,131,29,10,4,9,2,1,1,1,0,0,0,0,
43635,43635,32,6,1,1,2,1,9,0,1,0,0,0,0,
43635,43635,27,1,0,2,2,4,5,4,0,0,0,0,0,
43635,43635,12,2,0,1,1,3,3,3,2,0,0,0,0,
43635,43635,11,1,1,0,0,2,3,6,0,0,0,0,0,
43635,43635,2,0,0,0,0,0,2,1,0,0,0,0,0,
43635,43635,29,0,1,1,3,1,0,0,0,1,0,0,0,
43635,43635,65,2,1,0,3,2,3,0,0,0,0,0,0,
43635,43635,20,1,1,0,2,4,8,0,0,1,0,0,0,
43635,43635,30,1,0,0,0,2,5,3,1,0,0,0,0,
43635,43635,10,1,2,0,3,2,5,1,1,0,0,0,0,
43635,43635,1,0,0,0,0,0,1,0,0,0,0,0,0,
43635,43635,28,6,1,0,8,5,0,2,0,0,0,0,0,
43635,43635,54,3,2,1,5,18,3,0,0,0,0,0,0,
43635,43635,32,1,1,1,1,4,10,0,0,0,0,0,0,
43635,43635,66,2,0,0,0,1,5,1,0,0,0,0,0,
43635,43635,27,1,4,1,10,13,4,1,0,0,0,0,0,
43635,43635,61,2,1,0,9,17,1,1,0,0,0,0,0,
43635,43635,78,10,1,0,1,16,3,0,0,0,0,0,0,
43635,43635,61,8,2,1,8,9,4,1,0,0,0,0,0,
43635,43635,42,2,3,1,4,3,8,1,0,0,0,0,0,
43635,43635,68,7,1,1,7,6,5,2,0,0,0,0,0,
43635,43635,152,23,5,1,9,9,2,0,0,0,0,0,0,
43635,43635,131,21,4,1,2,18,0,0,0,0,0,0,0,
43635,43635,140,18,3,4,10,8,2,0,0,0,0,0,0,
43635,43635,100,6,2,0,8,7,5,0,0,0,0,0,0,
43635,43635,100,4,1,3,11,2,5,1,0,0,0,0,0,
43635,43635,171,26,1,2,5,13,0,0,0,0,0,0,0,
43635,43635,247,46,4,1,4,2,0,0,0,0,0,0,0,
43635,43635,221,27,8,1,4,5,0,0,0,0,0,0,0,
43635,43635,43,3,0,0,3,5,8,2,0,0,0,0,0,
43635,43635,27,0,2,0,3,2,9,2,0,0,0,0,0,
43635,43635,60,5,4,1,2,7,9,1,0,0,0,0,0,
43635,43635,55,5,2,0,0,11,8,0,0,0,0,0,0,
43635,43635,45,2,1,1,2,4,6,1,1,0,0,0,0,
43635,43635,24,0,1,0,4,3,8,2,0,0,0,0,0,
43635,43635,47,2,0,0,1,12,4,1,0,1,0,0,0,
43635,43635,81,9,1,2,0,16,3,0,0,0,0,0,0,
43635,43635,191,12,2,0,6,4,1,0,0,0,0,0,0,
43635,43635,35,2,1,0,3,2,6,2,0,0,0,0,0,
43635,43635,158,7,1,0,2,6,5,0,0,0,0,0,0,
43635,43635,255,32,0,0,1,2,0,0,0,0,0,0,0,
43635,43635,180,18,1,0,1,6,2,0,0,0,0,0,0,
43635,43635,70,2,1,0,0,11,8,0,0,0,0,0,0,
43635,43635,78,6,2,1,1,2,12,0,0,0,0,0,0,
43635,43635,87,17,6,1,3,2,9,0,0,0,0,0,0,
43635,43635,59,5,0,0,0,3,13,0,0,0,0,0,0,
43635,43635,88,8,4,0,0,3,11,0,0,0,0,0,0,
43635,43635,123,22,5,1,0,1,10,0,0,0,0,0,0,
43635,43635,63,6,2,1,1,11,7,0,0,0,0,0,0,
43635,43635,36,1,2,1,0,6,10,0,0,0,0,0,0,
43635,43635,41,3,2,2,5,2,12,0,0,0,0,0,0,
43635,43635,69,4,1,0,0,0,15,0,0,0,0,0,0,
43635,43635,19,1,2,1,4,3,8,0,0,1,0,0,0,
43635,43635,41,0,0,0,4,3,8,2,0,0,0,0,0,
43635,43635,32,4,1,0,3,6,10,0,0,0,0,0,0,
43635,43635,108,13,2,2,3,6,8,0,0,0,0,0,0,
43635,43635,36,4,1,0,4,6,10,0,0,0,0,0,0,
43635,43635,34,5,0,1,3,3,7,1,1,0,0,0,0,
43635,43635,44,6,2,0,2,9,9,0,0,0,0,0,0,
43635,43635,54,4,0,0,2,17,5,0,0,0,0,0,0,
43635,43635,63,14,3,0,4,13,5,0,0,0,0,0,0,
43635,43635,29,1,0,0,2,2,8,0,1,0,0,0,0,
43635,43635,44,0,0,0,0,0,3,1,0,0,0,0,0,
43635,43635,18,0,1,0,2,1,7,1,0,1,0,0,0,
43635,43635,15,2,0,0,2,11,8,0,1,0,0,0,0,
43635,43635,49,10,0,0,1,20,2,0,0,0,0,0,0,
43635,43635,32,1,1,0,1,2,7,1,1,0,0,0,0,
43635,43635,23,3,0,0,0,2,6,2,0,1,0,0,0,
43635,43635,45,5,1,1,2,4,7,1,1,0,0,0,0,
43635,43635,50,13,2,2,6,11,6,0,0,0,0,0,0,
43635,43635,112,10,3,4,0,8,3,2,0,0,0,0,0,
43635,43635,42,3,1,1,5,0,8,0,0,0,0,0,0,
43635,43635,135,7,0,0,1,3,4,0,1,0,0,0,0,
43635,43635,237,8,1,0,2,4,1,0,0,0,0,0,0,
43635,43635,78,6,4,2,9,14,2,0,0,0,0,0,0,
43635,43635,20,2,0,0,4,4,9,1,0,0,0,0,0,
43635,43635,7,4,2,3,6,8,5,1,1,0,0,0,0,
43635,43635,36,14,6,8,15,6,5,1,0,0,0,0,0,
43635,43635,33,2,0,0,7,10,3,1,1,0,0,0,0,
43635,43635,42,6,1,0,6,5,8,0,0,0,0,0,0,
43635,43635,25,3,4,1,6,5,8,1,0,0,0,0,0,
43635,43635,30,1,0,1,1,7,10,0,0,0,0,0,0,
43635,43635,37,0,0,0,2,1,8,1,1,0,0,0,0,
43635,43635,82,12,4,1,8,6,5,1,0,0,0,0,0,
43635,43635,255,25,6,2,0,0,0,0,0,0,0,0,0,
43635,43635,97,8,1,2,14,12,2,0,0,0,0,0,0,
43635,43635,73,4,4,1,0,2,8,1,0,0,0,0,0,
43635,43635,34,1,0,0,0,1,7,0,2,0,0,0,0,
43635,43635,42,0,1,4,6,7,6,2,0,0,0,0,0,
43635,43635,147,15,1,3,7,8,3,0,0,0,0,0,0,
43635,43635,178,23,6,3,8,8,0,0,0,0,0,0,0,
43635,43635,100,13,2,1,18,7,3,0,0,0,0,0,0,
43635,43635,74,2,1,1,3,5,9,0,0,0,0,0,0,
43635,43635,48,5,3,1,6,8,8,0,0,0,0,0,0,
43635,43635,20,7,1,0,5,13,5,1,0,0,0,0,0,
43635,43635,43,4,0,0,10,7,6,2,0,0,0,0,0,
43635,43635,215,18,2,1,8,3,3,0,0,0,0,0,0,
43635,43635,155,13,1,0,8,7,2,0,0,0,0,0,0,
43635,43635,57,1,1,0,1,6,8,1,0,0,0,0,0,
43635,43635,251,25,0,1,1,0,4,0,0,0,0,0,0,
43635,43635,245,29,10,3,2,3,1,0,0,0,0,0,0,
43635,43635,255,48,5,3,1,1,0,0,0,0,0,0,0,
43635,43635,78,6,3,0,6,5,7,1,0,0,0,0,0,
43635,43635,123,11,5,6,15,5,3,0,0,0,0,0,0,
43635,43635,50,1,0,0,2,3,8,1,0,0,0,0,0,
43635,43635,35,7,4,0,13,8,1,3,0,1,0,0,0,
43635,43635,165,29,14,1,5,10,1,0,0,0,0,0,0,
43635,43635,216,15,3,0,8,3,1,0,0,0,0,0,0,
43635,43635,34,5,0,0,2,4,5,1,1,1,0,0,0,
43635,43635,190,23,4,4,2,2,3,0,1,0,0,0,0,
43635,43635,218,51,13,5,4,3,0,0,0,0,0,0,0,
43635,43635,158,48,13,3,5,5,2,0,0,0,0,0,0,
43635,43635,46,1,0,1,1,4,8,2,0,0,0,0,0,
43635,43635,25,5,2,4,13,9,3,0,0,1,0,0,0,
43635,43635,40,5,3,3,8,10,6,0,0,0,0,0,0,
43635,43635,138,22,5,2,5,3,2,2,0,0,0,0,0,
43635,43635,116,11,0,0,6,13,2,0,0,0,0,0,0,
43635,43635,180,24,2,0,4,4,4,0,0,0,0,0,0,
43635,43635,18,3,1,2,3,4,7,1,1,0,0,0,0,
43635,43635,20,5,0,0,4,10,6,1,0,1,0,0,0,
43635,43635,73,12,4,2,12,11,3,0,0,0,0,0,0,
43635,43635,160,27,9,3,6,3,3,0,0,0,0,0,0,
43635,43635,41,1,1,0,2,5,10,0,0,0,0,0,0,
43635,43635,14,1,1,0,3,1,9,1,0,1,0,0,0,
43635,43635,64,6,1,1,7,10,4,2,0,0,0,0,0,
43635,43635,80,10,0,0,2,4,11,0,0,0,0,0,0,
43635,43635,104,17,2,0,10,4,7,0,0,0,0,0,0,
43635,43635,35,6,6,3,6,5,8,1,0,0,0,0,0,
43635,43635,44,1,1,0,1,3,8,1,0,0,0,0,0,
43635,43635,27,3,2,2,3,4,9,2,0,0,0,0,0,
43635,43635,35,3,0,0,8,7,5,2,0,0,0,0,0,
43635,43635,103,16,2,0,6,8,6,0,0,0,0,0,0,
43635,43635,193,22,0,2,3,4,2,0,0,0,0,0,0,
43635,43635,23,2,0,0,1,3,7,2,0,0,0,0,0,
43635,43635,35,2,1,0,1,0,7,0,0,0,0,0,0,
43635,43635,23,2,1,0,1,3,5,2,0,0,0,0,0,
43635,43635,11,1,1,2,5,6,8,0,0,1,0,0,0,
43635,43635,37,0,0,0,1,5,6,2,1,0,0,0,0,
43635,43635,132,1,1,0,1,0,1,0,0,0,0,0,0,
43635,43635,67,6,1,0,5,6,6,0,1,0,0,0,0,
43635,43635,198,10,2,0,0,2,4,0,0,0,0,0,0,
43635,43635,66,4,1,0,3,4,7,1,0,0,0,0,0,
43635,43635,62,7,5,2,13,10,2,2,0,0,0,0,0,
43635,43635,66,2,2,3,1,7,7,0,0,0,0,0,0,
43635,43635,41,10,3,2,5,3,8,1,0,0,0,0,0,
43635,43635,35,3,0,0,6,9,8,0,0,0,0,0,0,
43635,43635,66,8,1,17,73,77,113,0,0,0,0,0,0,
43635,43635,84,10,0,0,3,16,3,0,0,0,0,0,0,
43635,43635,45,3,0,0,4,3,4,5,0,0,0,0,0,
43635,43635,33,1,0,1,0,5,9,2,0,0,0,0,0,
43635,43635,40,8,1,1,1,10,6,1,0,0,0,0,0,
43635,43635,49,9,2,1,1,18,5,0,0,0,0,0,0,
43635,43635,66,8,2,0,5,11,5,0,0,0,0,0,0,
43635,43635,19,2,0,0,9,10,8,0,0,0,0,0,0,
43635,43635,113,30,5,6,5,9,4,0,0,0,0,0,0,
43635,43635,161,31,11,4,5,10,1,0,0,0,0,0,0,
43635,43635,102,17,1,1,3,17,2,0,0,0,0,0,0,
43635,43635,46,8,1,1,1,3,7,0,0,1,0,0,0,
43635,43635,29,5,0,0,3,5,8,0,1,0,0,0,0,
43635,43635,13,0,0,0,5,6,9,2,0,0,0,0,0,
43635,43635,50,4,0,0,1,6,8,1,0,0,0,0,0,
43635,43635,64,7,2,3,1,2,4,3,1,0,0,0,0,
43635,43635,45,6,1,1,6,9,7,0,0,0,0,0,0,
43635,43635,29,3,2,1,6,6,6,1,1,0,0,0,0,
43635,43635,23,0,2,3,3,6,4,2,0,1,0,0,0,
43635,43635,89,9,4,1,3,11,2,2,0,0,0,0,0,
43635,43635,5,3,3,1,11,7,6,2,0,0,0,0,0,
43635,43635,47,1,0,1,4,7,8,0,0,0,0,0,0,
43635,43635,27,2,0,2,3,3,7,0,0,1,0,0,0,
43635,43635,38,2,0,0,2,1,5,2,0,2,0,0,0,
43635,43635,49,9,3,0,3,11,5,0,1,0,0,0,0,
43635,43635,201,8,1,1,7,3,2,0,0,0,0,0,0,
43635,43635,121,14,2,1,7,6,4,1,0,0,0,0,0,
43635,43635,31,10,0,0,3,3,5,0,2,0,0,0,0,
43635,43635,14,1,0,1,3,4,3,2,2,1,0,0,0,
43635,43635,102,7,4,1,5,8,5,1,0,0,0,0,0,
43635,43635,27,2,0,1,0,1,4,1,2,1,0,0,0,
43635,43635,77,10,5,0,3,3,11,0,0,0,0,0,0,
43635,43635,126,37,20,8,9,2,3,0,0,0,0,0,0,
43635,43635,85,5,67,65,2,3,6,2,0,0,0,0,0,
43635,43635,43,8,2,1,2,2,5,4,0,0,0,0,0,
43635,43635,25,5,3,1,7,7,7,1,0,0,0,0,0,
43635,43635,245,51,9,4,3,3,0,0,0,0,0,0,0,
43635,43635,79,23,3,1,7,11,4,0,0,0,0,0,0,
43635,43635,80,11,5,1,3,18,3,0,0,0,0,0,0,
43635,43635,69,9,0,0,1,0,7,2,1,0,0,0,0,
43635,43635,29,3,0,1,2,0,7,3,1,0,0,0,0,
43635,43635,84,14,3,1,3,7,9,0,0,0,0,0,0,
43635,43635,73,4,2,1,3,5,8,0,1,0,0,0,0,
43635,43635,69,3,1,0,0,1,5,3,1,0,0,0,0,
43635,43635,4,0,0,1,0,0,0,0,0,0,0,0,0,
43635,43635,224,14,7,2,2,2,1,0,0,0,0,0,0,
43635,43635,255,41,8,2,4,1,1,0,0,0,0,0,0,
43635,43635,233,28,13,1,1,2,1,0,0,0,0,0,0,
43635,43635,99,18,2,2,4,1,2,5,0,0,0,0,0,
43635,43635,89,6,1,1,2,5,6,0,0,0,0,0,0,
43635,43635,63,14,3,2,4,0,5,0,2,0,0,0,0,
43635,43635,97,15,5,2,3,1,8,1,0,0,0,0,0,
43635,43635,120,23,11,3,3,6,7,0,0,0,0,0,0,
43635,43635,88,11,2,1,6,1,6,1,1,0,0,0,0,
43635,43635,41,7,2,1,7,13,4,1,0,0,0,0,0,
43635,43635,250,30,2,0,0,4,2,0,0,0,0,0,0,
43635,43635,93,11,8,7,3,2,5,0,1,0,0,0,0,
43635,43635,11,3,2,6,17,5,7,0,1,0,0,0,0,
43635,43635,39,3,0,0,3,5,7,2,0,0,0,0,0,
43635,43635,113,5,1,1,1,3,6,2,0,0,0,0,0,
43635,43635,42,4,1,1,5,6,10,0,0,0,0,0,0,
43635,43635,83,11,2,2,1,13,5,0,0,0,0,0,0,
43635,43635,145,7,2,1,10,4,2,1,0,0,0,0,0,
43635,43635,110,12,2,1,14,5,3,1,0,0,0,0,0,
43635,43635,186,11,1,3,10,7,0,0,0,0,0,0,0,
43635,43635,46,5,1,1,3,4,3,0,0,0,0,0,0,
43635,43635,30,1,0,0,0,0,5,1,0,1,1,0,0,
43635,43635,48,6,3,2,3,12,7,0,0,0,0,0,0,
43635,43635,94,14,3,0,7,10,5,0,0,0,0,0,0,
43635,43635,153,16,5,3,7,8,3,0,0,0,0,0,0,
43635,43635,31,2,1,2,3,3,9,0,1,0,0,0,0,
43635,43635,169,33,5,5,8,3,1,1,0,0,0,0,0,
43635,43635,46,2,0,0,2,7,8,1,0,0,0,0,0,
43635,43635,58,3,4,2,12,9,5,0,0,0,0,0,0,
43635,43635,98,0,1,0,0,1,10,0,0,0,0,0,0,
43635,43635,77,3,2,1,1,3,10,0,0,0,0,0,0,
43635,43635,92,16,1,0,2,3,8,0,0,0,0,0,0,
43635,43635,77,10,1,0,3,1,3,5,0,0,0,0,0,
43635,43635,41,3,3,0,1,2,6,4,0,0,0,0,0,
43635,43635,51,1,2,0,1,2,3,4,1,0,0,0,0,
43635,43635,41,1,1,0,1,1,3,7,0,0,0,0,0,
43635,43635,81,8,4,1,0,6,4,3,0,0,0,0,0,
43635,43635,242,32,6,0,5,2,1,0,0,0,0,0,0,
43635,43635,74,6,0,0,5,3,2,3,0,0,0,0,0,
43635,43635,101,11,1,0,1,2,11,0,0,0,0,0,0,
43635,43635,111,6,5,1,4,8,5,0,0,0,0,0,0,
43635,43635,69,2,0,0,5,7,6,0,1,0,0,0,0,
43635,43635,166,15,4,0,2,4,4,0,0,0,0,0,0,
43635,43635,69,7,0,0,0,7,10,0,0,0,0,0,0,
43635,43635,109,14,1,2,3,7,7,0,0,0,0,0,0,
43635,43635,129,31,6,2,4,5,2,1,0,0,0,0,0,
43635,43635,174,10,1,1,1,1,3,1,0,0,0,0,0,
43635,43635,150,26,5,6,8,1,2,1,0,0,0,0,0,
43635,43635,15,1,2,0,6,4,6,2,1,0,0,0,0,
43635,43635,50,12,0,1,2,4,3,6,0,0,0,0,0,
43635,43635,32,6,2,0,2,4,4,2,2,0,0,0,0,
43635,43635,16,4,1,0,2,1,3,2,0,2,0,0,0,
43635,43635,29,1,3,0,1,0,2,3,3,0,0,0,0,
43635,43635,45,2,2,1,2,3,2,2,2,0,0,0,0,
43635,43635,48,12,3,2,8,13,5,0,0,0,0,0,0,
43635,43635,122,14,4,1,1,0,0,6,0,0,0,0,0,
43635,43635,49,3,1,0,0,3,3,6,0,0,0,0,0,
43635,43635,33,3,1,0,2,1,1,6,1,0,0,0,0,
43635,43635,38,4,0,1,2,4,4,4,0,0,0,0,0,
43635,43635,33,7,2,2,2,8,4,4,0,0,0,0,0,
43635,43635,42,2,4,2,1,3,8,1,1,0,0,0,0,
43635,43635,74,6,1,0,0,0,0,4,2,0,0,0,0,
43635,43635,113,8,3,1,2,0,1,3,2,0,0,0,0,
43635,43635,131,18,6,2,0,4,3,2,0,0,0,0,0,
43635,43635,41,4,0,1,4,2,3,5,0,0,0,0,0,
43635,43635,50,5,1,0,1,2,3,5,0,0,0,0,0,
43635,43635,34,5,3,0,3,9,5,2,0,0,0,0,0,
43635,43635,54,5,3,0,2,3,2,3,1,0,0,0,0,
43635,43635,155,1,0,0,0,0,0,3,1,0,0,0,0,
43635,43635,222,1,0,0,0,0,0,0,0,0,0,0,0,
43635,43635,207,5,2,0,0,0,0,0,0,0,0,0,0,
43635,43635,30,3,0,0,0,4,2,0,4,0,0,0,0,
43635,43635,8,0,1,0,0,1,2,3,2,1,0,0,0,
43635,43635,15,1,0,0,0,0,0,0,0,0,3,0,0,
43635,43635,12,0,0,0,0,1,0,0,0,0,2,1,0,
43635,43635,17,1,0,0,1,0,0,1,0,0,2,1,0,
43635,43635,23,3,0,0,1,3,1,0,5,0,0,0,0,
43635,43635,137,7,2,0,1,0,1,0,0,0,1,0,0,
43635,43635,81,7,2,2,6,3,2,0,0,1,0,0,0,
43635,43635,244,33,6,6,2,0,1,0,0,0,0,0,0,
43635,43635,27,2,0,1,1,1,5,5,0,0,0,0,0,
43635,43635,51,2,0,0,0,1,1,6,1,0,0,0,0,
43635,43635,77,8,7,0,9,6,5,1,0,0,0,0,0,
43635,43635,76,9,0,1,1,0,2,6,0,0,0,0,0,
43635,43635,75,5,0,2,1,4,2,2,2,0,0,0,0,
43635,43635,39,1,1,1,3,4,6,3,0,0,0,0,0,
43635,43635,20,2,2,2,11,5,7,2,0,0,0,0,0,
43635,43635,44,5,2,0,2,4,8,1,1,0,0,0,0,
43635,43635,21,2,1,0,4,1,4,1,3,0,0,0,0,
43635,43635,27,3,0,2,0,1,0,0,5,0,0,0,0,
43635,43635,14,0,0,0,1,1,6,4,0,0,0,0,0,
43635,43635,29,1,0,0,1,0,10,2,0,0,0,0,0,
43635,43635,37,4,3,0,6,3,3,1,3,0,0,0,0,
43635,43635,26,2,1,0,1,0,4,2,2,0,0,0,0,
43638,43638,0,0,0,0,0,0,0,0,0,0,0,0,0,0
43638,43638,0,0,0,0,0,0,0,0,0,0,0,0,0,0
43638,43638,0,0,0,0,0,0,0,0,0,0,0,0,0,0
43638,43638,0,0,0,0,0,0,0,0,0,0,0,0,0,0
43638,43638,0,0,0,0,0,0,0,0,0,0,0,0,0,0
43638,43638,0,0,0,0,0,0,0,0,0,0,0,0,0,0
43638,43638,0,0,0,0,0,0,0,0,0,0,0,0,0,0
43638,43638,0,0,0,0,0,0,0,0,0,0,0,0,0,0
43638,43638,0,0,0,0,0,0,0,0,0,0,0,0,0,0
43638,43638,0,0,0,0,0,0,0,0,0,0,0,0,0,0
43638,43638,0,0,0,0,0,0,0,0,0,0,0,0,0,0
43638,43638,0,0,0,0,0,0,0,0,0,0,0,0,0,0
43638,43638,0,0,0,0,0,0,0,0,0,0,0,0,0,0
43638,43638,0,0,0,0,0,0,0,0,0,0,0,0,0,0
43638,43638,0,0,0,0,0,0,0,0,0,0,0,0,0,0
43638,43638,0,0,0,0,0,1,1,0,0,0,3,0,0,0
43638,43638,7,0,0,0,2,2,8,2,2,0,0,0,0,0
43638,43638,3,0,0,0,0,0,3,1,0,2,0,0,0,0
43638,43638,0,0,0,0,0,0,0,0,0,0,1,0,0,0
43638,43638,0,0,0,0,0,0,0,0,0,0,0,0,0,0
43638,43638,0,0,0,0,1,0,0,1,0,1,0,2,0,0
43638,43638,5,0,0,0,0,0,4,0,0,0,1,1,0,0
43638,43638,12,0,0,0,0,0,3,7,1,0,0,0,0,0
43638,43638,3,1,0,0,0,0,0,5,0,1,0,0,0,0
43638,43638,0,0,1,0,0,1,1,0,1,1,1,1,0,0
43638,43638,3,0,0,0,0,4,5,0,3,0,0,0,0,0
43638,43638,12,2,0,0,8,17,2,0,1,0,0,0,0,0
43638,43638,17,0,0,0,1,15,7,0,0,0,0,0,0,0
43638,43638,4,0,0,1,8,4,7,0,2,0,0,0,0,0
43638,43638,0,0,0,0,1,2,3,2,0,1,0,0,0,0
43638,43638,7,0,0,0,0,16,2,1,0,0,0,1,0,0
43638,43638,0,1,1,2,2,1,1,1,2,0,0,1,0,0
43638,43638,4,1,0,0,9,7,6,2,1,0,0,0,0,0
43638,43638,7,1,1,2,5,7,6,0,1,0,1,0,0,0
43638,43638,0,0,1,0,3,2,2,2,2,1,0,0,0,0
43638,43638,8,1,1,1,6,11,3,2,0,0,0,0,0,0
43638,43638,1,0,0,0,4,2,6,0,1,1,0,0,0,0
43638,43638,0,1,1,0,2,4,2,0,3,0,1,0,0,0
43638,43638,2,2,0,1,2,6,9,2,0,0,0,0,0,0
43638,43638,0,0,0,0,0,2,3,0,0,1,0,0,1,0
43638,43638,1,1,0,0,1,7,6,3,0,0,0,0,0,0
43638,43638,6,1,0,1,10,21,3,0,1,0,0,0,0,0
43638,43638,1,0,0,0,4,2,5,2,0,1,0,0,0,0
43638,43638,0,0,0,1,0,5,5,1,3,0,0,0,0,0
43638,43638,4,1,0,2,0,3,10,1,0,0,0,0,0,0
43638,43638,0,0,0,0,0,0,0,0,1,1,2,0,0,0
43638,43638,1,1,0,1,2,2,4,1,0,0,0,0,1,0
43638,43638,0,0,0,0,1,2,0,5,0,0,1,0,0,0
43638,43638,1,0,0,1,0,2,2,2,0,1,1,0,0,0
43638,43638,8,0,2,0,2,9,6,0,2,0,0,0,0,0
43638,43638,0,0,0,1,1,3,2,3,1,0,1,0,0,0
43638,43638,0,0,1,0,0,2,8,0,0,2,0,0,0,0
43638,43638,0,0,0,1,0,0,0,0,0,1,0,0,1,0
43638,43638,4,0,0,0,1,1,9,0,1,0,1,0,0,0
43638,43638,0,0,0,0,1,0,0,0,3,1,0,0,0,0
43638,43638,0,0,0,0,0,1,1,0,1,0,0,0,1,0
43638,43638,2,0,0,0,0,0,2,1,2,1,1,1,0,0
43638,43638,0,0,0,0,0,0,0,0,0,0,0,0,0,1
43638,43638,2,0,0,0,1,0,0,0,2,0,1,0,0,0
43638,43638,1,1,0,0,5,0,2,1,3,1,0,0,0,0
43638,43638,2,1,1,0,1,1,3,2,2,1,0,0,0,0
43638,43638,0,0,0,0,2,1,1,2,2,0,0,0,0,0
43638,43638,8,2,0,0,0,1,8,1,2,0,0,0,0,0
43638,43638,0,0,1,0,0,0,2,2,1,1,0,1,0,0
43638,43638,2,0,0,0,0,0,0,1,0,0,1,0,0,0
43638,43638,0,0,0,0,0,0,0,0,0,0,0,0,0,0
43638,43638,4,0,0,0,0,1,1,0,2,2,1,0,0,0
43638,43638,4,0,0,0,0,1,0,0,0,0,1,1,1,0
43638,43638,1,0,0,0,1,0,2,0,1,0,0,2,0,0
43638,43638,0,0,0,0,0,0,0,0,0,0,0,0,0,0
43638,43638,1,1,0,0,0,1,0,0,0,0,0,0,0,1
43638,43638,2,1,0,0,0,0,2,6,1,1,0,0,0,0
43638,43638,2,1,0,0,0,0,0,0,4,0,0,0,0,0
43638,43638,0,0,0,0,0,0,0,0,0,0,0,0,0,0
43638,43638,4,1,0,0,1,1,0,0,1,1,2,0,0,0
43638,43638,0,0,0,0,0,0,1,0,0,1,2,0,0,0
43638,43638,1,0,0,0,1,2,1,1,1,0,2,0,0,0
43638,43638,25,0,0,0,0,0,0,6,1,0,0,0,0,0
43638,43638,23,0,2,0,1,0,0,1,5,0,0,0,0,0
43638,43638,26,1,1,2,4,0,0,0,4,1,0,0,0,0
43638,43638,13,0,2,2,8,3,0,4,2,0,0,0,0,0
43638,43638,4,0,0,0,0,0,0,0,0,0,1,0,1,0
43638,43638,6,0,0,0,0,0,0,0,0,1,1,1,0,0
43638,43638,11,0,0,0,0,0,0,0,0,1,1,0,0,0
43638,43638,3,0,0,0,0,0,0,0,0,0,0,0,1,0
43638,43638,12,0,0,0,0,0,0,0,0,0,1,1,1,0
43638,43638,1,1,0,0,0,0,0,0,0,0,0,0,0,1
43638,43638,2,0,0,0,0,0,0,0,0,0,0,0,0,0
43638,43638,5,0,0,0,0,0,0,0,0,0,0,0,0,0
43638,43638,0,0,0,0,0,0,0,0,0,0,0,0,0,0
43639,43639,0,0,0,0,0,0,0,0,0,0,0,0,0,0
43639,43639,0,0,0,0,0,0,0,0,0,0,0,0,0,0
43639,43639,0,0,0,0,0,0,0,0,0,0,0,0,0,0
43639,43639,0,0,0,0,0,0,0,0,0,0,0,0,0,0
43639,43639,0,0,0,0,0,0,0,0,0,0,0,0,0,0
43639,43639,0,0,0,0,0,0,0,0,0,0,0,0,0,0
43639,43639,0,0,0,0,0,0,0,0,0,0,0,0,0,0
43639,43639,0,0,0,0,0,0,0,0,0,0,0,0,0,0
43639,43639,0,0,0,0,0,0,0,0,0,0,0,0,0,0
43639,43639,0,0,0,0,0,0,0,0,0,0,0,0,0,0
43639,43639,0,0,0,0,0,0,0,0,0,0,0,0,0,0
43639,43639,0,0,0,0,0,0,0,0,0,0,0,0,0,0
43639,43639,0,0,0,0,0,0,0,0,0,0,0,0,0,0
43639,43639,0,0,0,0,0,0,0,0,0,0,0,0,0,0
43639,43639,0,0,0,0,0,0,0,0,0,0,0,0,0,0
43639,43639,0,0,0,0,0,0,0,0,0,0,0,0,0,0
43639,43639,0,0,0,0,0,0,0,0,0,0,0,0,0,0
43639,43639,0,0,0,0,0,0,0,0,0,0,0,0,0,0
43639,43639,0,0,0,0,0,0,0,0,0,0,0,0,0,0
43639,43639,0,0,0,0,0,0,0,0,0,0,0,0,0,0
43639,43639,0,0,0,0,0,0,0,0,0,0,0,0,0,0
43639,43639,0,0,0,0,0,0,0,0,0,0,0,0,0,0
43639,43639,0,0,0,0,0,0,0,0,0,0,0,0,0,0
43639,43639,0,0,0,0,0,0,0,0,0,0,0,0,0,0
43639,43639,0,0,0,0,0,0,0,0,0,0,0,0,0,0
43639,43639,9,0,0,0,0,0,0,0,2,3,0,0,0,0
43639,43639,5,0,0,0,0,0,0,5,0,0,0,0,0,0
43639,43639,0,0,0,0,0,0,0,0,0,0,1,0,0,0
43639,43639,4,0,0,0,0,0,12,1,1,0,0,0,0,0
43639,43639,0,0,0,0,0,0,0,0,0,0,0,0,2,0
43639,43639,1,0,0,0,0,0,0,1,2,3,0,0,0,0
43639,43639,7,1,0,0,0,4,6,4,1,0,0,0,0,0
43639,43639,7,0,0,0,0,0,0,0,0,4,0,0,0,0
43639,43639,3,0,0,0,0,0,0,0,0,2,2,0,0,0
43639,43639,4,0,0,0,0,0,2,3,1,0,0,0,0,0
43639,43639,0,0,0,0,0,0,0,0,0,0,0,0,0,1
43639,43639,0,0,0,0,1,1,2,0,0,0,0,0,0,0
43639,43639,0,0,0,0,0,0,0,0,0,0,0,0,0,0
43639,43639,0,0,0,0,0,0,0,0,0,0,0,0,0,0
43639,43639,0,0,0,0,0,1,0,0,0,0,0,0,0,0
43639,43639,7,1,1,0,2,0,1,0,2,1,0,1,0,0
43639,43639,12,0,0,0,0,0,0,4,4,0,0,0,0,0
43639,43639,7,0,0,0,0,0,3,7,0,0,0,0,0,0
43639,43639,9,0,0,0,0,1,0,0,6,0,0,0,0,0
43639,43639,6,0,0,0,0,0,1,1,3,2,0,0,0,0
43639,43639,2,0,0,0,0,0,0,0,1,4,0,0,0,0
43639,43639,8,0,0,0,0,0,0,0,5,0,0,0,0,0
43639,43639,9,0,0,0,0,0,0,8,1,0,0,0,0,0
43639,43639,9,0,0,0,0,0,1,1,5,0,0,0,0,0
43639,43639,7,0,0,0,0,0,0,3,3,1,0,0,0,0
43639,43639,6,0,0,0,0,0,0,0,2,3,0,0,0,0
43639,43639,8,0,0,0,0,0,1,7,1,0,0,0,0,0
43639,43639,8,0,0,0,0,0,0,0,5,0,0,0,0,0
43639,43639,8,0,0,0,0,0,0,1,6,0,0,0,0,0
43639,43639,3,0,0,0,0,0,0,1,2,2,0,0,0,0
43639,43639,5,0,0,0,0,0,0,0,0,0,3,0,0,0
43639,43639,0,0,0,0,0,0,0,0,0,0,0,0,0,0
43639,43639,0,0,0,0,0,0,0,0,0,0,0,0,0,0
43639,43639,1,0,0,0,0,0,0,0,0,0,0,0,0,0
43639,43639,3,1,0,0,0,0,10,0,1,0,0,0,0,0
43639,43639,0,0,0,0,0,0,0,0,0,0,0,0,0,1
43639,43639,0,0,0,0,0,0,0,0,0,0,0,0,0,0
43639,43639,1,0,0,0,0,0,0,3,1,2,0,0,0,0
43639,43639,0,0,0,0,0,0,0,0,0,0,0,0,1,0
43639,43639,0,0,0,0,0,0,0,0,0,0,0,0,0,0
43639,43639,0,0,0,0,0,0,0,0,0,0,0,0,0,0
43639,43639,0,0,0,0,0,0,0,0,0,0,0,0,0,0
43639,43639,0,0,0,0,0,0,0,0,0,0,0,0,0,1
43639,43639,0,0,0,0,0,0,3,0,0,0,0,0,1,0
43639,43639,0,0,0,0,0,0,0,0,0,0,0,0,0,0
43697,43697,0,0,0,0,0,0,0,0,0,0,0,0,0,0
43697,43697,0,0,0,0,0,0,0,0,0,0,0,0,0,0
43697,43697,0,0,0,0,0,0,0,0,0,0,0,0,0,0
43697,43697,0,0,0,0,0,0,0,0,0,0,0,0,0,0
43697,43697,0,0,0,0,0,0,0,0,0,0,0,0,0,0
43697,43697,8,0,0,0,0,0,0,6,1,1,0,0,0,0
43697,43697,5,0,2,0,0,0,7,3,0,1,0,0,0,0
43697,43697,0,0,0,0,1,1,9,1,1,0,1,0,0,0
43697,43697,0,0,0,0,1,1,0,1,0,0,1,0,1,0
43697,43697,6,0,0,0,0,1,3,1,4,0,0,0,0,0
43697,43697,0,0,0,0,0,1,4,3,0,1,1,0,0,0
43697,43697,3,0,0,1,0,1,0,0,4,2,0,0,0,0
43697,43697,0,0,0,0,0,0,0,0,1,0,0,0,1,0
43697,43697,1,0,0,0,0,0,0,1,2,0,0,1,0,0
43697,43697,0,0,0,0,0,0,0,0,0,0,0,0,0,0
43697,43697,3,0,0,0,0,1,0,1,5,0,0,0,0,0
43697,43697,0,0,0,0,0,0,0,0,3,0,1,0,0,1
43697,43697,3,0,0,0,0,1,10,1,1,0,0,0,0,0
43697,43697,9,0,0,0,0,2,2,8,0,0,0,0,0,0
43697,43697,0,0,0,0,0,0,0,0,0,0,0,0,0,0
43697,43697,0,0,0,0,0,0,0,0,0,0,0,0,0,1
43697,43697,3,0,0,0,1,0,0,3,4,1,0,0,0,0
43697,43697,8,1,1,0,0,2,6,4,1,0,0,0,0,0
43697,43697,1,0,0,0,0,28,141,213,182,56,158,0,0,0
43697,43697,0,0,0,0,0,0,1,0,1,0,1,0,0,0
43697,43697,0,0,0,0,0,1,0,0,0,0,1,0,0,1
43697,43697,0,0,0,0,0,0,3,0,3,0,0,0,0,0
43697,43697,1,0,1,0,1,4,3,0,2,0,0,0,0,0
43697,43697,4,0,0,0,0,3,13,0,0,0,0,0,0,0
43697,43697,1,0,0,0,0,0,5,3,1,0,1,0,0,0
43697,43697,0,0,1,0,0,0,1,0,1,0,0,0,0,0
43697,43697,1,0,0,0,0,0,0,3,0,1,0,0,0,0
43697,43697,0,0,0,0,0,0,0,0,0,0,0,0,0,0
43697,43697,0,0,0,0,0,9,7,1,1,1,0,0,0,0
43697,43697,0,0,0,0,0,0,1,2,2,0,2,0,0,0
43697,43697,0,0,0,0,1,1,4,1,1,0,0,0,0,0
43697,43697,0,0,0,0,2,3,2,0,1,0,0,1,1,0
43697,43697,1,0,0,0,0,0,5,1,2,0,1,0,0,0
43697,43697,0,0,0,0,1,0,2,0,1,1,1,0,0,0
43697,43697,0,0,1,0,2,4,2,1,1,1,1,0,0,0
43697,43697,0,0,0,0,0,1,1,2,0,0,0,0,1,0
43697,43697,1,0,0,0,3,1,3,1,2,0,0,0,0,0
43697,43697,0,0,0,0,1,2,3,0,0,0,0,0,0,0
43697,43697,8,1,0,0,0,4,10,0,1,0,0,0,0,0
43697,43697,0,0,0,0,0,0,0,0,0,0,0,0,1,0
43697,43697,0,0,0,0,0,0,4,1,1,0,0,0,0,0
43697,43697,0,0,0,0,0,0,0,0,0,0,0,0,0,0
43697,43697,0,0,0,0,0,0,0,0,0,0,0,0,0,0
43697,43697,0,0,0,0,0,0,0,0,0,0,0,0,0,0
43697,43697,1,0,0,0,0,0,0,0,0,0,0,0,0,1
43697,43697,0,0,0,0,0,0,0,0,0,0,0,0,1,0
43697,43697,5,0,0,0,0,0,2,4,0,0,0,1,0,0
43697,43697,5,0,0,0,0,0,1,8,1,0,0,0,0,0
43697,43697,10,3,6,1,3,1,0,0,0,0,0,0,0,0
43697,43697,0,0,0,0,0,0,0,0,0,0,0,0,0,0
43697,43697,0,0,0,0,0,0,0,0,0,0,0,0,0,0
43697,43697,0,0,0,1,1,0,2,1,1,1,1,0,0,0
43697,43697,3,0,0,0,0,0,6,5,0,1,0,0,0,0
43697,43697,2,0,0,0,2,3,2,1,1,0,0,1,0,0
43697,43697,6,0,1,1,3,8,2,4,0,0,0,0,1,0
43697,43697,3,0,0,0,0,3,11,1,1,0,0,0,0,0
43697,43697,2,1,0,0,2,13,4,2,0,0,0,0,0,0
43697,43697,4,3,0,0,4,4,1,1,0,1,0,1,0,0
43697,43697,0,0,0,0,1,0,0,3,1,1,1,0,0,0
43697,43697,8,2,2,3,5,3,1,3,2,0,0,0,0,0
43697,43697,7,0,0,1,3,3,12,0,0,0,0,0,0,0
43697,43697,9,3,10,4,21,12,2,0,0,0,0,0,0,0
43697,43697,2,4,2,1,5,6,6,2,1,0,0,0,0,0
43697,43697,25,9,5,5,4,7,4,1,1,0,0,0,0,0
43697,43697,35,14,10,7,15,3,1,0,0,0,0,0,0,0
43697,43697,79,16,7,8,12,0,0,0,0,0,0,0,0,0
43697,43697,44,15,11,6,13,5,5,1,0,0,0,0,0,0
43697,43697,3,3,2,0,7,8,4,0,1,1,0,0,0,0
43697,43697,1,1,1,0,4,12,8,0,0,0,0,0,0,0
43697,43697,5,0,2,1,7,4,7,2,1,0,0,0,0,0
43697,43697,47,15,6,5,13,4,6,0,0,0,0,0,0,0
43697,43697,0,2,0,2,18,7,4,0,0,0,1,0,0,0
43697,43697,0,3,0,1,8,2,3,2,0,0,1,0,0,0
43699,43699,0,0,0,0,0,0,0,0,0,0,0,0,0,0
43699,43699,0,0,0,0,0,0,0,0,0,0,0,0,0,0
43699,43699,0,0,0,0,0,0,0,0,0,0,0,0,0,0
43699,43699,0,0,0,0,0,0,0,0,0,0,0,0,0,0
43699,43699,0,0,0,0,0,0,0,0,0,0,0,0,0,0
43699,43699,0,2,1,0,1,2,2,2,0,0,0,0,0,0
43699,43699,1,0,0,0,0,0,3,0,0,2,0,1,0,0
43699,43699,0,0,0,0,0,1,0,0,2,2,1,0,0,0
43699,43699,2,0,0,0,2,2,0,1,0,1,0,1,0,0
43699,43699,2,0,0,0,4,3,9,0,1,1,0,0,0,0
43699,43699,0,0,0,0,2,0,1,1,1,0,0,0,1,0
43699,43699,0,0,0,0,0,0,0,0,1,0,0,0,1,0
43699,43699,1,0,1,0,0,0,1,2,1,0,0,0,1,0
43699,43699,0,0,0,0,0,0,0,0,0,0,0,1,0,0
43699,43699,0,0,0,0,0,0,0,0,0,0,0,0,0,0
43699,43699,1,0,0,0,0,0,0,0,1,1,1,0,0,0
43699,43699,0,0,0,0,0,0,0,0,0,0,1,0,0,0
43699,43699,0,0,0,0,0,0,0,0,0,2,0,0,0,0
43699,43699,0,0,0,0,0,0,0,0,0,0,0,0,0,0
43699,43699,0,0,0,0,0,0,0,0,0,1,0,0,0,0
43699,43699,0,0,0,0,0,0,0,0,0,0,0,0,0,0
43699,43699,0,0,0,0,0,0,0,0,0,0,0,0,0,0
43699,43699,0,0,0,0,0,0,0,0,0,0,0,0,0,0
43699,43699,0,0,0,0,0,0,0,0,0,0,0,0,0,0
43699,43699,0,0,0,0,0,0,0,0,0,0,0,0,0,0
43699,43699,0,0,0,0,0,0,0,0,0,0,0,0,0,0
43699,43699,0,0,0,0,0,0,0,0,0,0,0,0,0,0
43699,43699,20,3,1,1,0,1,1,0,0,0,0,0,0,0
43699,43699,0,0,0,0,0,0,0,0,0,0,0,0,0,0
43699,43699,0,0,0,0,0,0,0,0,0,0,0,0,0,0
43699,43699,0,0,0,0,0,0,0,0,0,0,0,0,0,0
43699,43699,1,0,0,0,0,0,0,0,0,0,0,0,0,0
43699,43699,0,0,0,0,0,0,3,0,0,0,0,1,0,0
43699,43699,0,0,0,0,0,0,0,0,0,0,0,0,0,0
43699,43699,0,0,0,0,0,0,0,0,0,0,1,1,0,0
43699,43699,1,0,0,0,0,2,2,2,1,0,0,1,0,0
43699,43699,0,0,0,0,0,0,0,0,0,0,0,0,0,1
43699,43699,0,0,0,0,0,0,0,0,0,0,0,0,0,0
43699,43699,0,0,0,0,0,0,0,0,0,0,0,0,0,0
43699,43699,4,0,0,1,1,1,3,0,2,0,1,0,0,0
43699,43699,8,2,0,0,1,0,2,6,2,0,0,0,0,0
43699,43699,3,0,0,0,0,1,0,3,3,1,0,0,0,0
43699,43699,1,0,0,0,0,0,0,0,1,3,0,0,0,0
43699,43699,2,0,0,0,1,0,0,0,1,4,0,0,0,0
43699,43699,0,0,0,0,0,0,0,0,0,1,1,0,1,0
43699,43699,2,0,0,0,0,0,0,0,0,1,3,0,0,0
43699,43699,1,0,0,0,1,1,0,0,0,0,2,1,0,0
43699,43699,0,0,0,0,0,2,4,1,1,1,0,0,0,0
43699,43699,0,0,0,0,0,0,1,0,2,2,1,0,0,0
43699,43699,0,0,0,0,0,0,0,0,0,0,1,0,1,0
43699,43699,0,0,0,0,0,0,0,0,0,0,0,0,0,0
43699,43699,0,0,0,0,0,2,7,4,0,0,0,0,0,0
43699,43699,0,0,0,0,0,3,2,1,0,0,3,0,0,0
43699,43699,0,0,0,0,0,0,0,0,0,0,0,0,0,0
43699,43699,0,0,0,0,0,0,1,0,0,0,0,0,0,0
43699,43699,2,0,0,0,2,11,7,1,0,0,1,0,0,0
43699,43699,3,0,1,0,0,10,9,2,0,0,0,0,0,0
43699,43699,0,0,0,0,2,4,5,4,1,0,0,0,0,0
43699,43699,5,0,0,0,0,12,5,1,0,0,1,0,0,0
43699,43699,2,0,0,1,5,13,7,0,0,0,0,0,0,0
43699,43699,7,2,1,0,9,1,4,1,0,1,1,0,0,0
43699,43699,0,0,0,0,0,0,0,0,1,0,1,0,0,0
43699,43699,0,0,0,1,6,3,6,1,3,0,0,0,0,0
43699,43699,0,0,0,0,0,0,1,0,0,0,0,0,1,0
43699,43699,0,1,0,0,4,3,6,3,1,0,0,0,0,0
43699,43699,0,0,0,0,1,0,2,1,0,0,1,1,0,0
43699,43699,0,0,0,0,0,1,2,0,1,1,0,1,0,0
43699,43699,0,2,0,0,0,0,2,0,0,0,0,0,0,1
43699,43699,0,0,0,0,0,0,0,0,1,1,0,0,1,0
43699,43699,2,0,0,0,0,2,7,1,2,1,0,0,0,0
43699,43699,2,0,0,0,3,1,8,2,1,0,0,0,0,0
43699,43699,0,0,0,0,0,0,0,0,0,0,0,0,1,0
43699,43699,0,0,0,0,0,0,0,0,0,0,0,0,0,0
43699,43699,1,0,0,0,0,2,2,0,2,0,0,0,0,0
43699,43699,0,0,0,0,0,0,0,0,0,0,0,0,0,0
43699,43699,0,0,0,0,0,1,0,1,0,2,0,0,1,0
43699,43699,0,0,0,0,0,1,0,1,0,1,0,0,0,1
43699,43699,0,0,0,0,0,0,0,0,0,0,0,0,0,0
43699,43699,0,0,0,0,0,0,0,0,0,0,0,1,1,0
43699,43699,0,0,0,0,0,0,0,1,1,0,0,0,0,1
43699,43699,0,0,0,0,0,0,0,0,0,0,0,0,0,0
43699,43699,0,0,0,0,0,0,0,0,0,0,0,0,0,0
43699,43699,0,0,0,0,0,2,3,1,0,0,1,0,0,0
43699,43699,0,0,0,0,0,0,1,0,1,2,0,0,0,0
43699,43699,0,0,0,0,0,0,2,0,0,0,0,0,2,0
43699,43699,0,0,0,0,0,0,0,0,0,0,0,0,0,0
43699,43699,0,0,0,0,0,0,0,0,0,0,0,0,0,0
43699,43699,0,0,0,0,0,0,0,0,0,0,0,0,1,1
43699,43699,0,0,0,1,0,0,2,0,0,0,0,0,1,1
43699,43699,0,0,0,0,0,0,1,0,1,1,0,0,1,0
43699,43699,0,0,0,0,0,0,1,0,0,1,0,0,0,0
43699,43699,1,0,0,0,2,1,2,2,2,1,0,0,0,0
43699,43699,2,0,0,0,0,0,3,1,0,0,2,0,0,0
43699,43699,0,0,0,0,0,4,5,2,0,1,1,0,0,0
43699,43699,0,0,0,0,0,0,0,0,0,0,0,1,0,0
43699,43699,0,0,0,0,0,0,3,1,0,0,0,1,0,0
43699,43699,0,0,0,1,1,1,4,0,0,1,1,1,0,0
43699,43699,1,0,0,0,0,1,3,0,0,1,2,0,0,0
43699,43699,0,0,1,0,6,2,4,1,0,0,1,0,0,0
43699,43699,0,1,1,0,0,0,1,0,0,0,1,0,0,0
43699,43699,1,0,0,0,0,0,1,2,1,2,0,0,0,0
43699,43699,0,0,0,0,0,1,0,1,3,2,0,0,0,0
43699,43699,0,0,0,0,0,0,0,3,0,0,0,1,0,0
43699,43699,0,0,0,0,0,0,3,1,0,0,1,0,0,0
43699,43699,0,0,0,0,0,0,1,0,1,0,0,0,1,0
43699,43699,0,0,0,0,0,0,0,0,1,0,0,1,0,0
43699,43699,0,0,0,0,0,1,2,1,2,1,0,0,0,0
43699,43699,2,1,0,0,0,0,0,4,0,0,1,0,0,0
43699,43699,0,0,0,0,0,1,0,0,2,0,1,1,0,0
43699,43699,0,0,0,0,0,3,1,0,1,1,1,0,0,0
43699,43699,0,0,0,0,1,0,4,3,0,0,0,1,0,0
43699,43699,0,0,0,0,0,0,0,0,0,0,0,0,0,0
43699,43699,0,0,0,0,1,2,4,3,0,0,0,0,0,0
43699,43699,0,0,0,0,0,0,0,0,0,0,0,0,0,0
43699,43699,0,0,0,0,0,0,2,1,0,1,1,0,0,0
43699,43699,0,0,0,1,3,0,5,0,1,0,2,0,0,0
43699,43699,0,0,0,0,1,0,0,0,0,1,0,1,0,0
43699,43699,6,0,0,0,0,2,7,2,1,0,0,1,0,0
43699,43699,11,0,0,0,0,5,4,4,0,1,0,0,0,0
43699,43699,0,0,0,0,0,0,0,0,0,0,0,0,0,0
43699,43699,0,0,0,0,0,0,0,0,0,0,0,0,0,0
43699,43699,0,0,0,0,0,0,0,0,0,0,0,0,0,0
43699,43699,0,0,0,0,0,0,0,0,0,0,0,0,0,0
43699,43699,0,0,0,0,0,0,0,0,0,0,0,0,0,0
43699,43699,0,0,0,0,0,0,0,0,0,0,0,0,0,0
43699,43699,0,0,0,0,0,0,0,0,0,0,0,0,0,0
43699,43699,0,0,0,0,0,0,0,0,0,0,0,0,0,0
43699,43699,0,0,0,0,0,0,0,0,0,0,0,0,0,0
43699,43699,0,0,0,0,0,0,0,0,0,0,0,0,0,0
43699,43699,0,0,0,0,0,0,0,0,0,0,0,0,0,0
43699,43699,0,0,0,0,0,0,0,0,0,0,0,0,0,0
43699,43699,0,0,0,0,0,0,0,0,0,0,0,0,0,0
43699,43699,0,0,0,0,0,0,0,0,0,0,0,0,0,0
43699,43699,0,0,0,0,0,0,0,0,0,0,0,0,0,0
43699,43699,0,0,0,0,0,0,0,0,0,0,0,0,0,0
43699,43699,0,0,0,0,0,0,0,0,0,0,0,0,0,0
43699,43699,0,0,0,0,0,0,0,0,0,0,0,0,0,0
43699,43699,0,0,0,0,0,0,0,0,0,0,0,0,0,0
43699,43699,0,0,0,0,0,0,0,0,0,0,0,0,0,0
43699,43699,0,0,0,0,0,0,0,0,0,0,0,0,0,0
43699,43699,0,0,0,0,0,0,0,0,0,0,0,0,0,0
43699,43699,0,0,0,0,0,0,0,0,0,0,0,0,0,0
43699,43699,0,0,0,0,0,0,0,0,0,0,0,0,0,0
43699,43699,0,0,0,0,0,0,0,0,0,0,0,0,0,0
43699,43699,0,0,0,0,0,0,0,0,0,0,0,0,0,0
43699,43699,0,0,0,0,0,0,0,0,0,0,0,0,0,0
43699,43699,0,0,0,0,0,0,0,0,0,0,0,0,0,0
43699,43699,0,0,0,0,0,0,0,0,0,0,0,0,0,0
43699,43699,0,0,0,0,0,0,0,0,0,0,0,0,0,0
43699,43699,0,0,0,0,0,0,0,0,0,0,0,0,0,0
43699,43699,0,0,0,0,0,0,0,0,0,0,0,0,0,0
43699,43699,0,0,0,0,0,0,0,0,0,0,0,0,0,0
43699,43699,0,0,0,0,0,0,0,0,0,0,0,0,0,0
43699,43699,0,0,0,0,0,0,0,0,0,0,0,0,0,0
43699,43699,0,0,0,0,0,0,0,0,0,0,0,0,0,0
43699,43699,0,0,0,0,0,0,0,0,0,0,0,0,0,0
43699,43699,0,0,0,0,0,0,0,0,0,0,0,0,0,0
43699,43699,0,0,0,0,0,0,0,0,0,0,0,0,0,0
43699,43699,0,0,0,0,0,0,0,0,0,0,0,0,0,0
43699,43699,0,0,0,0,0,0,0,0,0,0,0,0,0,0
43699,43699,0,0,0,0,0,0,0,0,0,0,0,0,0,0
43699,43699,0,0,0,0,0,0,0,0,0,0,0,0,0,0
43699,43699,0,0,0,0,0,0,0,0,0,0,0,0,0,0
43699,43699,0,0,0,0,0,0,0,0,0,0,0,0,0,0
43699,43699,0,0,0,0,0,0,0,0,0,0,0,0,0,0
43699,43699,0,0,0,0,0,0,0,0,0,0,0,0,0,0
43699,43699,0,0,0,0,0,0,0,0,0,0,0,0,0,0
43699,43699,0,0,0,0,0,0,0,0,0,0,0,0,0,0
43699,43699,0,0,0,0,0,0,0,0,0,0,0,0,0,0
43699,43699,0,0,0,0,0,0,0,0,0,0,0,0,0,0
43699,43699,0,0,0,0,0,0,0,0,0,0,0,0,0,0
43699,43699,0,0,0,0,0,0,0,0,0,0,0,0,0,0
43699,43699,0,0,0,0,0,0,0,0,0,0,0,0,0,0
43699,43699,0,0,0,0,0,0,0,0,0,0,0,0,0,0
43699,43699,0,0,0,0,0,0,0,0,0,0,0,0,0,0
43699,43699,0,0,0,0,0,0,0,0,0,0,0,0,0,0
43699,43699,0,0,0,0,0,0,0,0,0,0,0,0,0,0
43699,43699,0,0,0,0,0,0,0,0,0,0,0,0,0,0
43699,43699,0,0,0,0,0,0,0,0,0,0,0,0,0,0
43699,43699,0,0,0,0,0,0,0,0,0,0,0,0,0,0
43699,43699,0,0,0,0,0,0,0,0,0,0,0,0,0,0
43699,43699,0,0,0,0,0,0,0,0,0,0,0,0,0,0
43699,43699,0,0,0,0,0,0,0,0,0,0,0,0,0,0
43699,43699,0,0,0,0,0,0,0,0,0,0,0,0,0,0
43699,43699,0,0,0,0,0,0,0,0,0,0,0,0,0,0
43699,43699,0,0,0,0,0,0,0,0,0,0,0,0,0,0
43699,43699,0,0,0,0,0,0,0,0,0,0,0,0,0,0
43699,43699,0,0,0,0,0,0,0,0,0,0,0,0,0,0
43699,43699,0,0,0,0,0,0,0,0,0,0,0,0,0,0
43699,43699,0,0,0,0,0,0,0,0,0,0,0,0,0,0
43699,43699,0,0,0,0,0,0,0,0,0,0,0,0,0,0
43699,43699,0,0,0,0,0,0,0,0,0,0,0,0,0,0
43699,43699,0,0,0,0,0,0,0,0,0,0,0,0,0,0
43699,43699,0,0,0,0,0,0,0,0,0,0,0,0,0,0
43699,43699,0,0,0,0,0,0,0,0,0,0,0,0,0,0
43699,43699,0,0,0,0,0,0,0,0,0,0,0,0,0,0
43699,43699,0,0,0,0,0,0,0,0,0,0,0,0,0,0
43699,43699,0,0,0,0,0,0,0,0,0,0,0,0,0,0
43699,43699,0,0,0,0,0,0,0,0,0,0,0,0,0,0
43699,43699,0,0,0,0,0,0,0,0,0,0,0,0,0,0
43699,43699,0,0,0,0,0,0,0,0,0,0,0,0,0,0
43699,43699,0,0,0,0,0,0,0,0,0,0,0,0,0,0
43699,43699,0,0,0,0,0,0,0,0,0,0,0,0,0,0
43699,43699,0,0,0,0,0,0,0,0,0,0,0,0,0,0
43699,43699,0,0,0,0,0,0,0,0,0,0,0,0,0,0
43699,43699,0,0,0,0,0,0,0,0,0,0,0,0,0,0
43699,43699,0,0,0,0,0,0,0,0,0,0,0,0,0,0
43699,43699,0,0,0,0,0,0,0,0,0,0,0,0,0,0
43699,43699,0,0,0,0,0,0,0,0,0,0,0,0,0,0
43699,43699,0,0,0,0,0,0,0,0,0,0,0,0,0,0
43699,43699,0,0,0,0,0,0,0,0,0,0,0,0,0,0
43699,43699,0,0,0,0,0,0,0,0,0,0,0,0,0,0
43699,43699,0,0,0,0,0,0,0,0,0,0,0,0,0,0
43699,43699,0,0,0,0,0,0,0,0,0,0,0,0,0,0
43699,43699,0,0,0,0,0,0,0,0,0,0,0,0,0,0
43699,43699,0,0,0,0,0,0,0,0,0,0,0,0,0,0
43699,43699,0,0,0,0,0,0,0,0,0,0,0,0,0,0
43699,43699,0,0,0,0,0,0,0,0,0,0,0,0,0,0
43699,43699,0,0,0,0,0,0,0,0,0,0,0,0,0,0
43699,43699,0,0,0,0,0,0,0,0,0,0,0,0,0,0
43699,43699,0,0,0,0,0,0,0,0,0,0,0,0,0,0
43699,43699,0,0,0,0,0,0,0,0,0,0,0,0,0,0
43699,43699,0,0,0,0,0,0,0,0,0,0,0,0,0,0
43699,43699,0,0,0,0,0,0,0,0,0,0,0,0,0,0
43699,43699,0,0,0,0,0,0,0,0,0,0,0,0,0,0
43699,43699,0,0,0,0,0,0,0,0,0,0,0,0,0,0
43699,43699,0,0,0,0,0,0,0,0,0,0,0,0,0,0
43699,43699,0,0,0,0,0,0,0,0,0,0,0,0,0,0
43699,43699,0,0,0,0,0,0,0,0,0,0,0,0,0,0
43699,43699,0,0,0,0,0,0,0,0,0,0,0,0,0,0
43699,43699,0,0,0,0,0,0,0,0,0,0,0,0,0,0
43699,43699,0,0,0,0,0,0,0,0,0,0,0,0,0,0
43699,43699,0,0,0,0,0,0,0,0,0,0,0,0,0,0
43699,43699,0,0,0,0,0,0,0,0,0,0,0,0,0,0
43699,43699,0,0,0,0,0,0,0,0,0,0,0,0,0,0
43699,43699,0,0,0,0,0,0,0,0,0,0,0,0,0,0
43699,43699,0,0,0,0,0,0,0,0,0,0,0,0,0,0
43699,43699,0,0,0,0,0,0,0,0,0,0,0,0,0,0
43699,43699,0,0,0,0,0,0,0,0,0,0,0,0,0,0
43699,43699,0,0,0,0,0,0,0,0,0,0,0,0,0,0
43699,43699,0,0,0,0,0,0,0,0,0,0,0,0,0,0
43699,43699,0,0,0,0,0,0,0,0,0,0,0,0,0,0
43699,43699,0,0,0,0,0,0,0,0,0,0,0,0,0,0
43699,43699,0,0,0,0,0,0,0,0,0,0,0,0,0,0
43699,43699,0,0,0,0,0,0,0,0,0,0,0,0,0,0
43699,43699,0,0,0,0,0,0,0,0,0,0,0,0,0,0
43699,43699,0,0,0,0,0,0,0,0,0,0,0,0,0,0
43699,43699,0,0,0,0,0,0,0,0,0,0,0,0,0,0
43699,43699,0,0,0,0,0,0,0,0,0,0,0,0,0,0
43699,43699,0,0,0,0,0,0,0,0,0,0,0,0,0,0
43699,43699,0,0,0,0,0,0,0,0,0,0,0,0,0,0
43699,43699,0,0,0,0,0,0,0,0,0,0,0,0,0,0
43699,43699,0,0,0,0,0,0,0,0,0,0,0,0,0,0
43699,43699,0,0,0,0,0,0,0,0,0,0,0,0,0,0
43699,43699,0,0,0,0,0,0,0,0,0,0,0,0,0,0
43699,43699,0,0,0,0,0,0,0,0,0,0,0,0,0,0
43699,43699,0,0,0,0,0,0,0,0,0,0,0,0,0,0
43699,43699,0,0,0,0,0,0,0,0,0,0,0,0,0,0
43699,43699,0,0,0,0,0,0,0,0,0,0,0,0,0,0
43699,43699,0,0,0,0,0,0,0,0,0,0,0,0,0,0
43699,43699,0,0,0,0,0,0,0,0,0,0,0,0,0,0
43699,43699,0,0,0,0,0,0,0,0,0,0,0,0,0,0
43699,43699,0,0,0,0,0,0,0,0,0,0,0,0,0,0
43699,43699,0,0,0,0,0,0,0,0,0,0,0,0,0,0
43699,43699,0,0,0,0,0,0,0,0,0,0,0,0,0,0
43699,43699,0,0,0,0,0,0,0,0,0,0,0,0,0,0
43699,43699,0,0,0,0,0,0,0,0,0,0,0,0,0,0
43699,43699,0,0,0,0,0,0,0,0,0,0,0,0,0,0
43699,43699,0,0,0,0,0,0,0,0,0,0,0,0,0,0
43699,43699,0,0,0,0,0,0,0,0,0,0,0,0,0,0
43699,43699,0,0,0,0,0,0,0,0,0,0,0,0,0,0
43699,43699,0,0,0,0,0,0,0,0,0,0,0,0,0,0
43699,43699,0,0,0,0,0,0,0,0,0,0,0,0,0,0
43699,43699,0,0,0,0,0,0,0,0,0,0,0,0,0,0
43699,43699,0,0,0,0,0,0,0,0,0,0,0,0,0,0
43699,43699,0,0,0,0,0,0,0,0,0,0,0,0,0,0
43699,43699,0,0,0,0,0,0,0,0,0,0,0,0,0,0
43699,43699,0,0,0,0,0,0,0,0,0,0,0,0,0,0
43699,43699,0,0,0,0,0,0,0,0,0,0,0,0,0,0
43699,43699,0,0,0,0,0,0,0,0,0,0,0,0,0,0
43699,43699,0,0,0,0,0,0,0,0,0,0,0,0,0,0
43699,43699,0,0,0,0,0,0,0,0,0,0,0,0,0,0
43699,43699,0,0,0,0,0,0,0,0,0,0,0,0,0,0
43699,43699,0,0,0,0,0,0,0,0,0,0,0,0,0,0
43699,43699,0,0,0,0,0,0,0,0,0,0,0,0,0,0
43699,43699,0,0,0,0,0,0,0,0,0,0,0,0,0,0
43699,43699,0,0,0,0,0,0,0,0,0,0,0,0,0,0
43699,43699,0,0,0,0,0,0,0,0,0,0,0,0,0,0
43699,43699,0,0,0,0,0,0,0,0,0,0,0,0,0,0
43699,43699,0,0,0,0,0,0,0,0,0,0,0,0,0,0
43699,43699,0,0,0,0,0,0,0,0,0,0,0,0,0,0
43699,43699,0,0,0,0,0,0,0,0,0,0,0,0,0,0
43699,43699,0,0,0,0,0,0,0,0,0,0,0,0,0,0
43699,43699,0,0,0,0,0,0,0,0,0,0,0,0,0,0
43699,43699,0,0,0,0,0,0,0,0,0,0,0,0,0,0
43699,43699,0,0,0,0,0,0,0,0,0,0,0,0,0,0
43699,43699,0,0,0,0,0,0,0,0,0,0,0,0,0,0
43699,43699,0,0,0,0,0,0,0,0,0,0,0,0,0,0
43699,43699,0,0,0,0,0,0,0,0,0,0,0,0,0,0
43699,43699,0,0,0,0,0,0,0,0,0,0,0,0,0,0
43699,43699,0,0,0,0,0,0,0,0,0,0,0,0,0,0
43699,43699,0,0,0,0,0,0,0,0,0,0,0,0,0,0
43699,43699,0,0,0,0,0,0,0,0,0,0,0,0,0,0
43699,43699,0,0,0,0,0,0,0,0,0,0,0,0,0,0
43699,43699,0,0,0,0,0,0,0,0,0,0,0,0,0,0
43699,43699,0,0,0,0,0,0,0,0,0,0,0,0,0,0
43699,43699,0,0,0,0,0,0,0,0,0,0,0,0,0,0
43699,43699,0,0,0,0,0,0,0,0,0,0,0,0,0,0
43699,43699,0,0,0,0,0,0,0,0,0,0,0,0,0,0
43699,43699,0,0,0,0,0,0,0,0,0,0,0,0,0,0
43699,43699,0,0,0,0,0,0,0,0,0,0,0,0,0,0
43699,43699,1,0,0,0,0,1,0,1,0,0,0,0,2,4
43699,43699,0,0,0,0,0,0,0,0,0,0,0,0,2,7
43699,43699,11,4,1,1,0,0,0,0,2,0,0,0,5,6
43699,43699,19,3,2,0,0,0,0,0,0,0,1,0,2,9
43699,43699,14,0,0,0,0,0,0,1,0,0,1,0,3,8
43699,43699,14,0,0,0,0,0,0,0,0,0,0,0,0,10
43699,43699,11,0,0,0,0,0,0,0,0,0,0,0,1,8
43699,43699,5,0,0,0,0,0,0,0,0,0,0,0,1,10
43699,43699,10,0,0,0,0,0,0,0,0,0,0,0,1,6
43699,43699,11,0,0,0,0,0,0,0,0,0,0,0,4,8
